insert into role (role, name) values (1, 'DOC');
insert into role (role, name) values (2, 'REC');
insert into role (role, name) values (3, 'LABS');
insert into role (role, name) values (4, 'LABW');

insert into account (employee_id, role_id, user_name, user_hash) values (1, 1, 'lubee0', 'ea9d95dfb710e99b8781b7f40239a990');
insert into account (employee_id, role_id, user_name, user_hash) values (2, 1, 'tboddington1', '362259343257af738bfca694b14fbf15');
insert into account (employee_id, role_id, user_name, user_hash) values (3, 1, 'kbirwhistle2', '67940e28a226dc151990bbb1cb465d91');
insert into account (employee_id, role_id, user_name, user_hash) values (4, 1, 'bbernardinelli3', '1172247013c760e80a497d88191ad216');
insert into account (employee_id, role_id, user_name, user_hash) values (5, 1, 'nvalentino4', 'd827e08c6df027c80ba9330629af064f');
insert into account (employee_id, role_id, user_name, user_hash) values (6, 1, 'jbitchener5', 'abddadd65b2a062806be5097d5d076fe');
insert into account (employee_id, role_id, user_name, user_hash) values (7, 1, 'gadderson6', 'b69dff26a73e1cd5cdec4d8ab34679ba');
insert into account (employee_id, role_id, user_name, user_hash) values (8, 1, 'patack7', '65cbc9d076e93fdd528fe7eccff23004');
insert into account (employee_id, role_id, user_name, user_hash) values (9, 1, 'wsimm8', 'd413afe52a3af105f67179de9cf328e4');
insert into account (employee_id, role_id, user_name, user_hash) values (10, 1, 'dshurrocks9', 'fa56a322596fea8fee075cd8207425f8');
insert into account (employee_id, role_id, user_name, user_hash) values (11, 1, 'lspunera', '83ec991cf35d2ea1ef7d35c74053be6a');
insert into account (employee_id, role_id, user_name, user_hash) values (12, 1, 'achimesb', 'cf2674022b52f2780af90372b5329daf');
insert into account (employee_id, role_id, user_name, user_hash) values (13, 1, 'mivisonc', '8a367288832441442e9cbed162c81c7a');
insert into account (employee_id, role_id, user_name, user_hash) values (14, 1, 'gfransinellid', 'c6e2f93d49703787786951062882883c');
insert into account (employee_id, role_id, user_name, user_hash) values (15, 1, 'mperagoe', '9dbd8cec24694c9f73f3ee96c23c4e70');
insert into account (employee_id, role_id, user_name, user_hash) values (16, 1, 'shellwichf', 'cb7560043eec01657e99f90f55c80d00');
insert into account (employee_id, role_id, user_name, user_hash) values (17, 1, 'mbuddockg', 'fba3f7701c587dacf4942d090a5aabad');
insert into account (employee_id, role_id, user_name, user_hash) values (18, 1, 'lclowh', '4769af00e6eecd303ee8a9006687a112');
insert into account (employee_id, role_id, user_name, user_hash) values (19, 1, 'hplimmeri', '127f1fe7d18c98f3ff253b7106086580');
insert into account (employee_id, role_id, user_name, user_hash) values (20, 1, 'gjellymanj', '0d5666e1602b212e66cc724fed6df47a');
insert into account (employee_id, role_id, user_name, user_hash) values (1, 2, 'vwaldrum0', '5e586bf6c9dfac3337a6e0b0c290fab9');
insert into account (employee_id, role_id, user_name, user_hash) values (2, 2, 'gtoffalo1', '636705f8b81728af019f18e45f179a39');
insert into account (employee_id, role_id, user_name, user_hash) values (3, 2, 'tstede2', '09573160e863d61a4eb5de0e03ea472f');
insert into account (employee_id, role_id, user_name, user_hash) values (4, 2, 'nhaughan3', 'e3b952f72b31a8b6fb8a0343e94f34e4');
insert into account (employee_id, role_id, user_name, user_hash) values (5, 2, 'cberrycloth4', '1d4fd0480f9642f2aa237c2b3de00d0d');
insert into account (employee_id, role_id, user_name, user_hash) values (6, 2, 'bjarvis5', '8dc8c20e4be64065486590c35e3f72b9');
insert into account (employee_id, role_id, user_name, user_hash) values (7, 2, 'bslorance6', 'd64062897d7883fb952c5b7c48b351cf');
insert into account (employee_id, role_id, user_name, user_hash) values (8, 2, 'lshelf7', '955e5f2761438b9a3a4761fb268a483e');
insert into account (employee_id, role_id, user_name, user_hash) values (9, 2, 'tbyrde8', '83b6af86748c82e20ba664f122e2ad15');
insert into account (employee_id, role_id, user_name, user_hash) values (10, 2, 'dburgisi9', 'b4a9aa4d3a07fd1a6878023f9ce79a51');
insert into account (employee_id, role_id, user_name, user_hash) values (1, 3, 'dsibbald0', 'fa40a02af94cc1bf7355c65fd53e4a32');
insert into account (employee_id, role_id, user_name, user_hash) values (2, 3, 'kmably1', 'c2741b9cf9bd8d845791f055e3ed9512');
insert into account (employee_id, role_id, user_name, user_hash) values (3, 3, 'gdent2', 'ac2d050765fed3925691bdc8d32f6a07');
insert into account (employee_id, role_id, user_name, user_hash) values (4, 3, 'apennazzi3', 'eed9b94205170618455db1b44ba6f6c7');
insert into account (employee_id, role_id, user_name, user_hash) values (5, 3, 'fmattheus4', '4e95e869c636c640caac0f41f858532e');
insert into account (employee_id, role_id, user_name, user_hash) values (1, 4, 'ejakubski0', '4b16c39960c773df1904527ea06ace76');
insert into account (employee_id, role_id, user_name, user_hash) values (2, 4, 'cquenby1', 'e2cc485cab35f1272cdf880c7bb3902b');
insert into account (employee_id, role_id, user_name, user_hash) values (3, 4, 'alepage2', '12063673815966c88129c8d4b93b9129');
insert into account (employee_id, role_id, user_name, user_hash) values (4, 4, 'splant3', '74db25da13581d6888718c035e18d413');
insert into account (employee_id, role_id, user_name, user_hash) values (5, 4, 'cmarfell4', '2afce678f594569536454d2026c55929');
insert into account (employee_id, role_id, user_name, user_hash) values (6, 4, 'mjobe5', '173861f7f87d458739265787c5f7ce82');
insert into account (employee_id, role_id, user_name, user_hash) values (7, 4, 'abarr6', 'e0189478b9e1b3344f6731d8fd47e476');
insert into account (employee_id, role_id, user_name, user_hash) values (8, 4, 'vcoughlin7', 'b393fef3b178886ddce1e813e2e74cc0');
insert into account (employee_id, role_id, user_name, user_hash) values (9, 4, 'rdrews8', '05bdacd0c62b47ee1e218c24474da533');
insert into account (employee_id, role_id, user_name, user_hash) values (10, 4, 'esam9', '8d8c9f64ea99fac1c769c4a11eda1058');
insert into account (employee_id, role_id, user_name, user_hash) values (11, 4, 'croarka', '2226386843f3d970975923a57d185f79');
insert into account (employee_id, role_id, user_name, user_hash) values (12, 4, 'abernaldob', '9e2b2a19b129b6d948a65e9e6fcf0116');
insert into account (employee_id, role_id, user_name, user_hash) values (13, 4, 'ngostykec', '1fe5c574c6d9ed100a93152dbb78ccdb');
insert into account (employee_id, role_id, user_name, user_hash) values (14, 4, 'dbrinkleyd', 'c1ceb2721585ee8a44c6ad7ff800f7bc');
insert into account (employee_id, role_id, user_name, user_hash) values (15, 4, 'obullivente', 'c5ccd64056a7162c227719cb7e2f8818');
insert into account (employee_id, role_id, user_name, user_hash) values (16, 4, 'mlarcherf', '39568f0a1d4942280c61832a90d32dca');
insert into account (employee_id, role_id, user_name, user_hash) values (17, 4, 'ffairleyg', '853fb9bc1a44dfb3664202a453a142f8');
insert into account (employee_id, role_id, user_name, user_hash) values (18, 4, 'egrishinh', '0afbbf59c543d26c0b6c50ce78371fa3');
insert into account (employee_id, role_id, user_name, user_hash) values (19, 4, 'gworsnapi', '0748f2efbdb527ec9b08fd71eeb0a702');
insert into account (employee_id, role_id, user_name, user_hash) values (20, 4, 'helwynj', '87d8ecdf699d1a3c1792ae159a3a127b');

insert into person_details (id, city, street_address1, street_address2, zip_code, region, contact_number) values (1, 'Chicago', '5 Katie Place', null, '60657', 'Illinois', '379025308');
insert into person_details (id, city, street_address1, street_address2, zip_code, region, contact_number) values (2, 'Albany', '385 Surrey Court', '85541 Shopko Court', '12205', 'New York', '933800068');
insert into person_details (id, city, street_address1, street_address2, zip_code, region, contact_number) values (3, 'Evansville', '25 Esch Point', null, '47719', 'Indiana', '342692383');
insert into person_details (id, city, street_address1, street_address2, zip_code, region, contact_number) values (4, 'Anaheim', '04160 Bartillon Circle', null, '92825', 'California', '489082124');
insert into person_details (id, city, street_address1, street_address2, zip_code, region, contact_number) values (5, 'Redwood City', '13 Dovetail Lane', null, '94064', 'California', '172997333');
insert into person_details (id, city, street_address1, street_address2, zip_code, region, contact_number) values (6, 'Richmond', '82012 Declaration Avenue', null, '23237', 'Virginia', '728760801');
insert into person_details (id, city, street_address1, street_address2, zip_code, region, contact_number) values (7, 'Pueblo', '82911 Oxford Lane', null, '81005', 'Colorado', '875193149');
insert into person_details (id, city, street_address1, street_address2, zip_code, region, contact_number) values (8, 'Fargo', '8354 Bobwhite Crossing', null, '58106', 'North Dakota', '268324520');
insert into person_details (id, city, street_address1, street_address2, zip_code, region, contact_number) values (9, 'North Hollywood', '2 Hoepker Drive', null, '91606', 'California', '401611681');
insert into person_details (id, city, street_address1, street_address2, zip_code, region, contact_number) values (10, 'Houston', '3 Bartelt Lane', null, '77281', 'Texas', '406380753');
insert into person_details (id, city, street_address1, street_address2, zip_code, region, contact_number) values (11, 'Colorado Springs', '354 Logan Way', null, '80925', 'Colorado', '999248638');
insert into person_details (id, city, street_address1, street_address2, zip_code, region, contact_number) values (12, 'Tacoma', '2150 Commercial Terrace', null, '98442', 'Washington', '110132928');
insert into person_details (id, city, street_address1, street_address2, zip_code, region, contact_number) values (13, 'Dallas', '1399 Linden Pass', null, '75379', 'Texas', '220670319');
insert into person_details (id, city, street_address1, street_address2, zip_code, region, contact_number) values (14, 'Fresno', '96 American Circle', null, '93740', 'California', '361368397');
insert into person_details (id, city, street_address1, street_address2, zip_code, region, contact_number) values (15, 'New York City', '638 Jay Road', null, '10280', 'New York', '833499035');
insert into person_details (id, city, street_address1, street_address2, zip_code, region, contact_number) values (16, 'Louisville', '22137 Farragut Plaza', null, '40293', 'Kentucky', '786401099');
insert into person_details (id, city, street_address1, street_address2, zip_code, region, contact_number) values (17, 'Memphis', '00458 Meadow Ridge Terrace', null, '38126', 'Tennessee', '390237254');
insert into person_details (id, city, street_address1, street_address2, zip_code, region, contact_number) values (18, 'Springfield', '5 Cody Crossing', null, '01105', 'Massachusetts', '127302745');
insert into person_details (id, city, street_address1, street_address2, zip_code, region, contact_number) values (19, 'Las Vegas', '58143 Corben Junction', null, '89125', 'Nevada', '171609339');
insert into person_details (id, city, street_address1, street_address2, zip_code, region, contact_number) values (20, 'Washington', '166 Dixon Point', null, '20299', 'District of Columbia', '541057477');
insert into person_details (id, city, street_address1, street_address2, zip_code, region, contact_number) values (21, 'Charleston', '9 Bunker Hill Circle', null, '25331', 'West Virginia', '222800604');
insert into person_details (id, city, street_address1, street_address2, zip_code, region, contact_number) values (22, 'Fullerton', '303 Nevada Junction', null, '92640', 'California', '100421606');
insert into person_details (id, city, street_address1, street_address2, zip_code, region, contact_number) values (23, 'Pensacola', '423 Oxford Alley', null, '32505', 'Florida', '615111861');
insert into person_details (id, city, street_address1, street_address2, zip_code, region, contact_number) values (24, 'Tuscaloosa', '82 Reindahl Place', null, '35405', 'Alabama', '355983875');
insert into person_details (id, city, street_address1, street_address2, zip_code, region, contact_number) values (25, 'Phoenix', '844 Londonderry Hill', null, '85062', 'Arizona', '835776972');
insert into person_details (id, city, street_address1, street_address2, zip_code, region, contact_number) values (26, 'Toledo', '9539 Mandrake Point', null, '43610', 'Ohio', '216145696');
insert into person_details (id, city, street_address1, street_address2, zip_code, region, contact_number) values (27, 'Huntsville', '36 Northwestern Parkway', null, '77343', 'Texas', '605550391');
insert into person_details (id, city, street_address1, street_address2, zip_code, region, contact_number) values (28, 'Anaheim', '55734 Columbus Alley', null, '92825', 'California', '138219084');
insert into person_details (id, city, street_address1, street_address2, zip_code, region, contact_number) values (29, 'Sacramento', '67005 South Road', null, '94245', 'California', '027392001');
insert into person_details (id, city, street_address1, street_address2, zip_code, region, contact_number) values (30, 'Camden', '89 Jay Pass', null, '08104', 'New Jersey', '012045734');
insert into person_details (id, city, street_address1, street_address2, zip_code, region, contact_number) values (31, 'El Paso', '759 Rusk Trail', null, '88574', 'Texas', '216639127');
insert into person_details (id, city, street_address1, street_address2, zip_code, region, contact_number) values (32, 'New York City', '15107 Del Mar Parkway', null, '10203', 'New York', '719362047');
insert into person_details (id, city, street_address1, street_address2, zip_code, region, contact_number) values (33, 'Duluth', '91 4th Plaza', null, '55805', 'Minnesota', '533616689');
insert into person_details (id, city, street_address1, street_address2, zip_code, region, contact_number) values (34, 'South Bend', '7652 Pond Street', null, '46634', 'Indiana', '307438277');
insert into person_details (id, city, street_address1, street_address2, zip_code, region, contact_number) values (35, 'Whittier', '4915 Roxbury Way', null, '90610', 'California', '989823794');
insert into person_details (id, city, street_address1, street_address2, zip_code, region, contact_number) values (36, 'Phoenix', '49068 Surrey Center', null, '85072', 'Arizona', '850365964');
insert into person_details (id, city, street_address1, street_address2, zip_code, region, contact_number) values (37, 'Seminole', '9 Westerfield Terrace', null, '34642', 'Florida', '019488763');
insert into person_details (id, city, street_address1, street_address2, zip_code, region, contact_number) values (38, 'Grand Junction', '3 Russell Circle', null, '81505', 'Colorado', '840022321');
insert into person_details (id, city, street_address1, street_address2, zip_code, region, contact_number) values (39, 'Evansville', '69 Mallory Street', null, '47712', 'Indiana', '470178465');
insert into person_details (id, city, street_address1, street_address2, zip_code, region, contact_number) values (40, 'Seattle', '89 Eggendart Junction', null, '98115', 'Washington', '784910034');
insert into person_details (id, city, street_address1, street_address2, zip_code, region, contact_number) values (41, 'Houston', '8524 Tomscot Trail', null, '77040', 'Texas', '148752184');
insert into person_details (id, city, street_address1, street_address2, zip_code, region, contact_number) values (42, 'Clearwater', '5 Luster Plaza', null, '33758', 'Florida', '484367247');
insert into person_details (id, city, street_address1, street_address2, zip_code, region, contact_number) values (43, 'Trenton', '087 Cottonwood Hill', null, '08650', 'New Jersey', '858226934');
insert into person_details (id, city, street_address1, street_address2, zip_code, region, contact_number) values (44, 'Spokane', '4085 Jackson Center', null, '99205', 'Washington', '748063004');
insert into person_details (id, city, street_address1, street_address2, zip_code, region, contact_number) values (45, 'Mobile', '5 Elmside Avenue', null, '36670', 'Alabama', '981981251');
insert into person_details (id, city, street_address1, street_address2, zip_code, region, contact_number) values (46, 'Washington', '8140 Washington Avenue', null, '20420', 'District of Columbia', '693233483');
insert into person_details (id, city, street_address1, street_address2, zip_code, region, contact_number) values (47, 'Akron', '39 Mitchell Crossing', null, '44305', 'Ohio', '025288820');
insert into person_details (id, city, street_address1, street_address2, zip_code, region, contact_number) values (48, 'Cincinnati', '0537 4th Center', null, '45249', 'Ohio', '982197274');
insert into person_details (id, city, street_address1, street_address2, zip_code, region, contact_number) values (49, 'Dayton', '892 Superior Trail', null, '45414', 'Ohio', '267569610');
insert into person_details (id, city, street_address1, street_address2, zip_code, region, contact_number) values (50, 'Corpus Christi', '43 Memorial Trail', null, '78410', 'Texas', '571025641');
insert into person_details (id, city, street_address1, street_address2, zip_code, region, contact_number) values (51, 'Columbia', '1366 Moulton Junction', '1837 Cherokee Terrace', '29208', 'South Carolina', '530609746');
insert into person_details (id, city, street_address1, street_address2, zip_code, region, contact_number) values (52, 'Baltimore', '5389 Cambridge Alley', null, '21211', 'Maryland', '399246388');
insert into person_details (id, city, street_address1, street_address2, zip_code, region, contact_number) values (53, 'New York City', '9372 Atwood Alley', null, '10270', 'New York', '752448817');
insert into person_details (id, city, street_address1, street_address2, zip_code, region, contact_number) values (54, 'Detroit', '9 Morrow Junction', null, '48232', 'Michigan', '224592333');
insert into person_details (id, city, street_address1, street_address2, zip_code, region, contact_number) values (55, 'San Francisco', '8 Corben Street', null, '94116', 'California', '756516356');
insert into person_details (id, city, street_address1, street_address2, zip_code, region, contact_number) values (56, 'Houston', '4 Russell Park', null, '77234', 'Texas', '285528696');
insert into person_details (id, city, street_address1, street_address2, zip_code, region, contact_number) values (57, 'Topeka', '6 Randy Junction', null, '66667', 'Kansas', '198345458');
insert into person_details (id, city, street_address1, street_address2, zip_code, region, contact_number) values (58, 'Newport News', '63 Corben Crossing', null, '23612', 'Virginia', '039366270');
insert into person_details (id, city, street_address1, street_address2, zip_code, region, contact_number) values (59, 'Idaho Falls', '562 Carioca Point', null, '83405', 'Idaho', '904945929');
insert into person_details (id, city, street_address1, street_address2, zip_code, region, contact_number) values (60, 'Cincinnati', '6237 Arrowood Place', null, '45233', 'Ohio', '974705715');
insert into person_details (id, city, street_address1, street_address2, zip_code, region, contact_number) values (61, 'Roanoke', '51 Crest Line Junction', null, '24014', 'Virginia', '145678102');
insert into person_details (id, city, street_address1, street_address2, zip_code, region, contact_number) values (62, 'New Orleans', '74699 Golden Leaf Way', null, '70129', 'Louisiana', '011636146');
insert into person_details (id, city, street_address1, street_address2, zip_code, region, contact_number) values (63, 'Wilmington', '54 Oriole Plaza', null, '19886', 'Delaware', '251540450');
insert into person_details (id, city, street_address1, street_address2, zip_code, region, contact_number) values (64, 'San Francisco', '9545 Luster Hill', null, '94154', 'California', '306517667');
insert into person_details (id, city, street_address1, street_address2, zip_code, region, contact_number) values (65, 'Erie', '7115 Parkside Center', null, '16550', 'Pennsylvania', '053572724');
insert into person_details (id, city, street_address1, street_address2, zip_code, region, contact_number) values (66, 'Atlanta', '5898 Scofield Way', null, '30392', 'Georgia', '991148843');
insert into person_details (id, city, street_address1, street_address2, zip_code, region, contact_number) values (67, 'Memphis', '55207 Nova Park', null, '38131', 'Tennessee', '005237126');
insert into person_details (id, city, street_address1, street_address2, zip_code, region, contact_number) values (68, 'Sacramento', '37 Carpenter Place', null, '94237', 'California', '220220061');
insert into person_details (id, city, street_address1, street_address2, zip_code, region, contact_number) values (69, 'San Francisco', '94 Jana Point', null, '94164', 'California', '135942468');
insert into person_details (id, city, street_address1, street_address2, zip_code, region, contact_number) values (70, 'Austin', '289 Donald Alley', null, '78710', 'Texas', '745800562');
insert into person_details (id, city, street_address1, street_address2, zip_code, region, contact_number) values (71, 'Charleston', '7946 Spenser Court', null, '25321', 'West Virginia', '449883362');
insert into person_details (id, city, street_address1, street_address2, zip_code, region, contact_number) values (72, 'Seattle', '7 Lyons Place', null, '98175', 'Washington', '946206810');
insert into person_details (id, city, street_address1, street_address2, zip_code, region, contact_number) values (73, 'Seattle', '606 Northwestern Point', null, '98175', 'Washington', '552060081');
insert into person_details (id, city, street_address1, street_address2, zip_code, region, contact_number) values (74, 'Sacramento', '689 South Junction', null, '94291', 'California', '202295208');
insert into person_details (id, city, street_address1, street_address2, zip_code, region, contact_number) values (75, 'Macon', '849 Springs Plaza', '2 Blue Bill Park Hill', '31217', 'Georgia', '724025831');
insert into person_details (id, city, street_address1, street_address2, zip_code, region, contact_number) values (76, 'Temple', '95 Kinsman Place', null, '76505', 'Texas', '114811326');
insert into person_details (id, city, street_address1, street_address2, zip_code, region, contact_number) values (77, 'San Francisco', '2 Sauthoff Way', null, '94126', 'California', '678987810');
insert into person_details (id, city, street_address1, street_address2, zip_code, region, contact_number) values (78, 'Anchorage', '11436 Northridge Avenue', null, '99522', 'Alaska', '649109912');
insert into person_details (id, city, street_address1, street_address2, zip_code, region, contact_number) values (79, 'Miami', '6762 Cottonwood Point', null, '33180', 'Florida', '745064284');
insert into person_details (id, city, street_address1, street_address2, zip_code, region, contact_number) values (80, 'Denver', '8977 Longview Court', null, '80243', 'Colorado', '705916779');
insert into person_details (id, city, street_address1, street_address2, zip_code, region, contact_number) values (81, 'Tulsa', '747 Brown Terrace', null, '74108', 'Oklahoma', '236663473');
insert into person_details (id, city, street_address1, street_address2, zip_code, region, contact_number) values (82, 'Atlanta', '3 Schlimgen Plaza', null, '30316', 'Georgia', '406481963');
insert into person_details (id, city, street_address1, street_address2, zip_code, region, contact_number) values (83, 'Indianapolis', '84877 Iowa Road', null, '46239', 'Indiana', '388970117');
insert into person_details (id, city, street_address1, street_address2, zip_code, region, contact_number) values (84, 'Clearwater', '056 Pearson Junction', '84414 Burrows Court', '33763', 'Florida', '559641865');
insert into person_details (id, city, street_address1, street_address2, zip_code, region, contact_number) values (85, 'Santa Fe', '4591 Hintze Trail', null, '87592', 'New Mexico', '366870675');

insert into receptionist (id, person_details_id, first_name, last_name, license_code) values (1, 1, 'Melany', 'Hawley', 'REC433596');
insert into receptionist (id, person_details_id, first_name, last_name, license_code) values (2, 2, 'Carree', 'Constantine', 'REC293855');
insert into receptionist (id, person_details_id, first_name, last_name, license_code) values (3, 3, 'Carree', 'Walden', 'REC382093');
insert into receptionist (id, person_details_id, first_name, last_name, license_code) values (4, 4, 'Rosemonde', 'Meltetal', 'REC308455');
insert into receptionist (id, person_details_id, first_name, last_name, license_code) values (5, 5, 'Flem', 'Burney', 'REC308147');
insert into receptionist (id, person_details_id, first_name, last_name, license_code) values (6, 6, 'Aila', 'Knapton', 'REC863423');
insert into receptionist (id, person_details_id, first_name, last_name, license_code) values (7, 7, 'Bryant', 'Abbati', 'REC265373');
insert into receptionist (id, person_details_id, first_name, last_name, license_code) values (8, 8, 'Dacia', 'Chadbourn', 'REC079428');
insert into receptionist (id, person_details_id, first_name, last_name, license_code) values (9, 9, 'Yves', 'Nettles', 'REC187674');
insert into receptionist (id, person_details_id, first_name, last_name, license_code) values (10, 10, 'Finlay', 'Davidi', 'REC144450');

insert into doctor (id, person_details_id, first_name, last_name, license_code) values (1, 11, 'Babbie', 'Charlwood', 'DOC042461');
insert into doctor (id, person_details_id, first_name, last_name, license_code) values (2, 12, 'Angy', 'Bachanski', 'DOC226600');
insert into doctor (id, person_details_id, first_name, last_name, license_code) values (3, 13, 'Theresina', 'Sandcroft', 'DOC224142');
insert into doctor (id, person_details_id, first_name, last_name, license_code) values (4, 14, 'Antoinette', 'Mc_adam', 'DOC565543');
insert into doctor (id, person_details_id, first_name, last_name, license_code) values (5, 15, 'Berni', 'Arenson', 'DOC343251');
insert into doctor (id, person_details_id, first_name, last_name, license_code) values (6, 16, 'Gwenni', 'Mattioli', 'DOC585806');
insert into doctor (id, person_details_id, first_name, last_name, license_code) values (7, 17, 'Kirk', 'Lennard', 'DOC676462');
insert into doctor (id, person_details_id, first_name, last_name, license_code) values (8, 18, 'Maurita', 'Bedburrow', 'DOC544443');
insert into doctor (id, person_details_id, first_name, last_name, license_code) values (9, 19, 'Darelle', 'Karp', 'DOC722576');
insert into doctor (id, person_details_id, first_name, last_name, license_code) values (10, 20, 'Gael', 'Treversh', 'DOC938811');
insert into doctor (id, person_details_id, first_name, last_name, license_code) values (11, 21, 'Shellysheldon', 'Danilenko', 'DOC758077');
insert into doctor (id, person_details_id, first_name, last_name, license_code) values (12, 22, 'Imojean', 'Ipsly', 'DOC526961');
insert into doctor (id, person_details_id, first_name, last_name, license_code) values (13, 23, 'Gina', 'Coulston', 'DOC268458');
insert into doctor (id, person_details_id, first_name, last_name, license_code) values (14, 24, 'Gerhardt', 'Scrase', 'DOC232679');
insert into doctor (id, person_details_id, first_name, last_name, license_code) values (15, 25, 'Faber', 'Twiname', 'DOC155355');
insert into doctor (id, person_details_id, first_name, last_name, license_code) values (16, 26, 'Clio', 'Bucky', 'DOC957039');
insert into doctor (id, person_details_id, first_name, last_name, license_code) values (17, 27, 'Wallache', 'Cunde', 'DOC350231');
insert into doctor (id, person_details_id, first_name, last_name, license_code) values (18, 28, 'Nestor', 'Bourgeois', 'DOC587980');
insert into doctor (id, person_details_id, first_name, last_name, license_code) values (19, 29, 'Tally', 'Beveridge', 'DOC740828');
insert into doctor (id, person_details_id, first_name, last_name, license_code) values (20, 30, 'Franni', 'Gresham', 'DOC107062');

insert into lab_supervisor (id, person_details_id, first_name, last_name, license_code) values (1, 51, 'Prescott', 'Normanvell', 'LABS400948');
insert into lab_supervisor (id, person_details_id, first_name, last_name, license_code) values (2, 52, 'Trefor', 'Zannetti', 'LABS494996');
insert into lab_supervisor (id, person_details_id, first_name, last_name, license_code) values (3, 53, 'Nissa', 'Avrahamov', 'LABS908050');
insert into lab_supervisor (id, person_details_id, first_name, last_name, license_code) values (4, 54, 'Grace', 'Blown', 'LABS333782');
insert into lab_supervisor (id, person_details_id, first_name, last_name, license_code) values (5, 55, 'Vale', 'Cardus', 'LABS175876');

insert into lab_worker (id, person_details_id, first_name, last_name, license_code) values (1, 31, 'Opalina', 'Zapater', 'LABW243427');
insert into lab_worker (id, person_details_id, first_name, last_name, license_code) values (2, 32, 'Loraine', 'Pendle', 'LABW714910');
insert into lab_worker (id, person_details_id, first_name, last_name, license_code) values (3, 33, 'Veronike', 'Charon', 'LABW633512');
insert into lab_worker (id, person_details_id, first_name, last_name, license_code) values (4, 34, 'Toinette', 'Dayment', 'LABW023391');
insert into lab_worker (id, person_details_id, first_name, last_name, license_code) values (5, 35, 'Natividad', 'Buist', 'LABW192128');
insert into lab_worker (id, person_details_id, first_name, last_name, license_code) values (6, 36, 'Joli', 'Steptoe', 'LABW552939');
insert into lab_worker (id, person_details_id, first_name, last_name, license_code) values (7, 37, 'Rosamund', 'Martins', 'LABW651928');
insert into lab_worker (id, person_details_id, first_name, last_name, license_code) values (8, 38, 'Gare', 'Fritschel', 'LABW554070');
insert into lab_worker (id, person_details_id, first_name, last_name, license_code) values (9, 39, 'Starlene', 'Donaway', 'LABW053306');
insert into lab_worker (id, person_details_id, first_name, last_name, license_code) values (10, 40, 'Lyda', 'Snel', 'LABW709350');
insert into lab_worker (id, person_details_id, first_name, last_name, license_code) values (11, 41, 'Iggie', 'Kepp', 'LABW819729');
insert into lab_worker (id, person_details_id, first_name, last_name, license_code) values (12, 42, 'Steffie', 'Iiannoni', 'LABW629412');
insert into lab_worker (id, person_details_id, first_name, last_name, license_code) values (13, 43, 'Vivien', 'Bubbear', 'LABW317534');
insert into lab_worker (id, person_details_id, first_name, last_name, license_code) values (14, 44, 'Breena', 'Lambdin', 'LABW991944');
insert into lab_worker (id, person_details_id, first_name, last_name, license_code) values (15, 45, 'Stacy', 'Semerad', 'LABW611472');
insert into lab_worker (id, person_details_id, first_name, last_name, license_code) values (16, 46, 'Lester', 'Stobbie', 'LABW215477');
insert into lab_worker (id, person_details_id, first_name, last_name, license_code) values (17, 47, 'Padget', 'Ezzy', 'LABW141554');
insert into lab_worker (id, person_details_id, first_name, last_name, license_code) values (18, 48, 'Anni', 'Knowlson', 'LABW234449');
insert into lab_worker (id, person_details_id, first_name, last_name, license_code) values (19, 49, 'Marcille', 'Jeanin', 'LABW355463');
insert into lab_worker (id, person_details_id, first_name, last_name, license_code) values (20, 50, 'Normand', 'Martignon', 'LABW667885');

insert into patient (id, person_details_id, first_name, last_name, pesel_number) values (1, 56, 'Dixie', 'Milesop', '04489222377');
insert into patient (id, person_details_id, first_name, last_name, pesel_number) values (2, 57, 'Emma', 'Gonnel', '99852774735');
insert into patient (id, person_details_id, first_name, last_name, pesel_number) values (3, 58, 'Daisi', 'Mielnik', '69949188024');
insert into patient (id, person_details_id, first_name, last_name, pesel_number) values (4, 59, 'Katerina', 'Duesberry', '86561270308');
insert into patient (id, person_details_id, first_name, last_name, pesel_number) values (5, 60, 'Carolin', 'Maxfield', '80449161134');
insert into patient (id, person_details_id, first_name, last_name, pesel_number) values (6, 61, 'Bogey', 'Knobell', '50050141780');
insert into patient (id, person_details_id, first_name, last_name, pesel_number) values (7, 62, 'Maribelle', 'Matteoli', '62519692843');
insert into patient (id, person_details_id, first_name, last_name, pesel_number) values (8, 63, 'Salomone', 'Kuhl', '41770012551');
insert into patient (id, person_details_id, first_name, last_name, pesel_number) values (9, 64, 'Maiga', 'Aldine', '68345532913');
insert into patient (id, person_details_id, first_name, last_name, pesel_number) values (10, 65, 'Marty', 'Ruppel', '87365011002');
insert into patient (id, person_details_id, first_name, last_name, pesel_number) values (11, 66, 'Rob', 'Reeves', '32088256928');
insert into patient (id, person_details_id, first_name, last_name, pesel_number) values (12, 67, 'Rodd', 'Ebrall', '87738197158');
insert into patient (id, person_details_id, first_name, last_name, pesel_number) values (13, 68, 'Manuel', 'Robroe', '62372067878');
insert into patient (id, person_details_id, first_name, last_name, pesel_number) values (14, 69, 'Collette', 'Wittleton', '54151035151');
insert into patient (id, person_details_id, first_name, last_name, pesel_number) values (15, 70, 'Vilhelmina', 'Saintpierre', '63513974531');
insert into patient (id, person_details_id, first_name, last_name, pesel_number) values (16, 71, 'Timi', 'Parysowna', '87695820425');
insert into patient (id, person_details_id, first_name, last_name, pesel_number) values (17, 72, 'Issi', 'Buesnel', '81353047543');
insert into patient (id, person_details_id, first_name, last_name, pesel_number) values (18, 73, 'Seymour', 'Bernat', '97939973933');
insert into patient (id, person_details_id, first_name, last_name, pesel_number) values (19, 74, 'Drake', 'Pinilla', '47363430303');
insert into patient (id, person_details_id, first_name, last_name, pesel_number) values (20, 75, 'Issi', 'Croxton', '67145040501');
insert into patient (id, person_details_id, first_name, last_name, pesel_number) values (21, 76, 'Claudette', 'Avent', '40789294781');
insert into patient (id, person_details_id, first_name, last_name, pesel_number) values (22, 77, 'Ruddie', 'Dabs', '16986786884');
insert into patient (id, person_details_id, first_name, last_name, pesel_number) values (23, 78, 'Eulalie', 'Deeny', '26433225927');
insert into patient (id, person_details_id, first_name, last_name, pesel_number) values (24, 79, 'Arlyn', 'Clavey', '55659999728');
insert into patient (id, person_details_id, first_name, last_name, pesel_number) values (25, 80, 'Genia', 'Tacey', '89638277535');
insert into patient (id, person_details_id, first_name, last_name, pesel_number) values (26, 81, 'Leonelle', 'Phripp', '79217215161');
insert into patient (id, person_details_id, first_name, last_name, pesel_number) values (27, 82, 'Corabelle', 'Braunter', '97047732934');
insert into patient (id, person_details_id, first_name, last_name, pesel_number) values (28, 83, 'Mommy', 'Scotting', '91473256598');
insert into patient (id, person_details_id, first_name, last_name, pesel_number) values (29, 84, 'Tatiania', 'Lehrer', '09835020800');
insert into patient (id, person_details_id, first_name, last_name, pesel_number) values (30, 85, 'Richmond', 'Normand', '12057541213');

insert into examination_state (id, name) values (1, 'in_progress');
insert into examination_state (id, name) values (2, 'executed');
insert into examination_state (id, name) values (3, 'cancelled');
insert into examination_state (id, name) values (4, 'approved');

insert into visit_state (id, name) values (1, 'appointed');
insert into visit_state (id, name) values (2, 'finished');
insert into visit_state (id, name) values (3, 'cancelled');

insert into visit (id, receptionist_id, doctor_id, patient_id, state_id, description, diagnose, registration_date, finalization_cancellation_date) values (1, 1, 1, 1, 1, 'Exposure to radiofrequency', 'W900', '2019-08-12', '2019-07-29');
insert into visit (id, receptionist_id, doctor_id, patient_id, state_id, description, diagnose, registration_date, finalization_cancellation_date) values (2, 2, 2, 2, 2, 'Papyraceous fetus, third trimester, fetus 1', 'O3103X1', '2019-06-26', '2019-05-28');
insert into visit (id, receptionist_id, doctor_id, patient_id, state_id, description, diagnose, registration_date, finalization_cancellation_date) values (3, 3, 3, 3, 3, 'Adverse effect of antivaricose drugs, including sclerosing agents, initial encounter', 'T468X5A', '2019-04-19', '2021-02-12');
insert into visit (id, receptionist_id, doctor_id, patient_id, state_id, description, diagnose, registration_date, finalization_cancellation_date) values (4, 4, 4, 4, 1, 'Displaced unspecified condyle fracture of lower end of unspecified femur, subsequent encounter for closed fracture with malunion', 'S72413P', '2020-02-10', '2021-03-10');
insert into visit (id, receptionist_id, doctor_id, patient_id, state_id, description, diagnose, registration_date, finalization_cancellation_date) values (5, 5, 5, 5, 2, 'Unspecified injury of flexor muscle, fascia and tendon of left index finger at wrist and hand level, sequela', 'S66101S', '2019-04-02', '2020-07-09');
insert into visit (id, receptionist_id, doctor_id, patient_id, state_id, description, diagnose, registration_date, finalization_cancellation_date) values (6, 6, 6, 6, 3, 'Nondisplaced oblique fracture of shaft of right radius, initial encounter for open fracture type I or II', 'S52334B', '2019-12-22', '2020-06-23');
insert into visit (id, receptionist_id, doctor_id, patient_id, state_id, description, diagnose, registration_date, finalization_cancellation_date) values (7, 7, 7, 7, 1, 'Legal intervention involving injury by rifle pellet', 'Y3503', '2019-07-19', '2020-02-24');
insert into visit (id, receptionist_id, doctor_id, patient_id, state_id, description, diagnose, registration_date, finalization_cancellation_date) values (8, 8, 8, 8, 2, 'Alcohol abuse counseling and surveillance of alcoholic', 'Z7141', '2020-08-06', '2019-05-19');
insert into visit (id, receptionist_id, doctor_id, patient_id, state_id, description, diagnose, registration_date, finalization_cancellation_date) values (9, 9, 9, 9, 3, 'Contusion of right middle finger with damage to nail, initial encounter', 'S60131A', '2019-09-15', '2020-09-24');
insert into visit (id, receptionist_id, doctor_id, patient_id, state_id, description, diagnose, registration_date, finalization_cancellation_date) values (10, 10, 10, 10, 1, 'Nondisplaced fracture of lateral cuneiform of left foot, initial encounter for closed fracture', 'S92225A', '2021-01-30', '2020-07-08');
insert into visit (id, receptionist_id, doctor_id, patient_id, state_id, description, diagnose, registration_date, finalization_cancellation_date) values (11, 1, 11, 11, 1, 'Other specified injury of other specified blood vessels at shoulder and upper arm level, unspecified arm', 'S45899', '2020-12-28', '2020-10-19');
insert into visit (id, receptionist_id, doctor_id, patient_id, state_id, description, diagnose, registration_date, finalization_cancellation_date) values (12, 2, 12, 12, 2, 'Other mechanical complication of other ocular prosthetic devices, implants and grafts, initial encounter', 'T85398A', '2019-11-05', '2020-11-05');
insert into visit (id, receptionist_id, doctor_id, patient_id, state_id, description, diagnose, registration_date, finalization_cancellation_date) values (13, 3, 13, 13, 3, 'Other spondylosis with myelopathy', 'M471', '2019-10-28', '2019-10-31');
insert into visit (id, receptionist_id, doctor_id, patient_id, state_id, description, diagnose, registration_date, finalization_cancellation_date) values (14, 4, 14, 14, 1, 'Unspecified fracture of facial bones, subsequent encounter for fracture with delayed healing', 'S0292XG', '2019-12-29', '2020-06-30');
insert into visit (id, receptionist_id, doctor_id, patient_id, state_id, description, diagnose, registration_date, finalization_cancellation_date) values (15, 5, 15, 15, 1, 'Displaced transverse fracture of shaft of unspecified femur, subsequent encounter for open fracture type IIIA, IIIB, or IIIC with routine healing', 'S72323F', '2019-11-16', '2021-03-19');
insert into visit (id, receptionist_id, doctor_id, patient_id, state_id, description, diagnose, registration_date, finalization_cancellation_date) values (16, 6, 16, 16, 1, 'Hypertrophy of bone, tibia and fibula', 'M8936', '2020-08-22', '2019-12-12');
insert into visit (id, receptionist_id, doctor_id, patient_id, state_id, description, diagnose, registration_date, finalization_cancellation_date) values (17, 7, 17, 17, 1, 'Poisoning by other anti-common-cold drugs, accidental (unintentional), sequela', 'T485X1S', '2019-06-08', '2020-02-12');
insert into visit (id, receptionist_id, doctor_id, patient_id, state_id, description, diagnose, registration_date, finalization_cancellation_date) values (18, 8, 18, 18, 1, 'Bitten by other nonvenomous marine animals, subsequent encounter', 'W5681XD', '2019-11-22', '2019-04-11');
insert into visit (id, receptionist_id, doctor_id, patient_id, state_id, description, diagnose, registration_date, finalization_cancellation_date) values (19, 9, 19, 19, 1, 'Laceration with foreign body, left knee', 'S81022', '2020-05-16', '2020-05-28');
insert into visit (id, receptionist_id, doctor_id, patient_id, state_id, description, diagnose, registration_date, finalization_cancellation_date) values (20, 10, 20, 20, 2, 'Crohn''s disease of both small and large intestine', 'K508', '2019-05-30', '2021-03-21');
insert into visit (id, receptionist_id, doctor_id, patient_id, state_id, description, diagnose, registration_date) values (21, 10, 1, 20, 2, 'Crohn''s disease of both small and large intestine', 'K508', '2019-05-30');
insert into visit (id, receptionist_id, doctor_id, patient_id, state_id, description, diagnose, registration_date, finalization_cancellation_date) values (22, 1, 1, 1, 1, 'Stomach pain', 'C123', '2017-05-06', '2020-10-04');
insert into visit (id, receptionist_id, doctor_id, patient_id, state_id, description, diagnose, registration_date, finalization_cancellation_date) values (23, 1, 1, 5, 1, 'Leg pain', 'T123', '2019-09-02', '2018-04-02');
insert into visit (id, receptionist_id, doctor_id, patient_id, state_id, description, diagnose, registration_date, finalization_cancellation_date) values (24, 1, 1, 2, 1, 'Fever', 'G123', '2017-12-12', '2019-07-03');
insert into visit (id, receptionist_id, doctor_id, patient_id, state_id, registration_date, finalization_cancellation_date) values (25, 5, 1, 8, 1, '2017-12-12', '2019-07-03');

insert into examination_category (code, name, type) values (1, 'Replacement of R Ext Carotid with Synth Sub, Open Approach', 'P');
insert into examination_category (code, name, type) values (2, 'Transfusion of Nonaut WBC into Central Vein, Perc Approach', 'P');
insert into examination_category (code, name, type) values (3, 'Destruction of Transverse Colon, Open Approach', 'P');
insert into examination_category (code, name, type) values (4, 'Drain of R Lacrimal Bone with Drain Dev, Perc Endo Approach', 'L');
insert into examination_category (code, name, type) values (5, 'Insertion of Other Device into Mediastinum, Perc Approach', 'P');
insert into examination_category (code, name, type) values (6, 'Removal of Monitoring Device from Stomach, Open Approach', 'L');
insert into examination_category (code, name, type) values (7, 'Extirpate matter from 1 Temporal Art, Bifurc, Perc Endo', 'L');
insert into examination_category (code, name, type) values (8, 'Insertion of Stimulator Lead into Up Muscle, Perc Approach', 'L');
insert into examination_category (code, name, type) values (9, 'Resection of Soft Palate, Open Approach', 'L');
insert into examination_category (code, name, type) values (10, 'Bypass Azygos Vein to Upper Vein, Perc Endo Approach', 'P');

insert into laboratory_examination (examination_category, visit_id, state_id, lab_worker_id, lab_supervisor_id, result, doctor_note, supervisor_note, execution_cancellation_date, approval_cancellation_date) values (1, 2, 1, 1, 1, '37853', 'Fourth or trochlear nerve palsy', 'Replacement of any type of pacemaker device with single-chamber device, rate responsive', '2021-03-19', '2020-05-28');
insert into laboratory_examination (examination_category, visit_id, state_id, lab_worker_id, lab_supervisor_id, result, doctor_note, supervisor_note, execution_cancellation_date, approval_cancellation_date) values (2, 2, 2, 2, 2, '7760', 'Hemorrhagic disease of newborn', 'Other operations on cul-de-sac', '2020-04-20', '2019-12-06');
insert into laboratory_examination (examination_category, visit_id, state_id, lab_worker_id, lab_supervisor_id, result, doctor_note, supervisor_note, execution_cancellation_date, approval_cancellation_date) values (3, 3, 3, 3, 3, '470', 'Deviated nasal septum', 'Excision of hemorrhoids', '2019-10-25', '2020-12-08');
insert into laboratory_examination (examination_category, visit_id, state_id, lab_worker_id, lab_supervisor_id, result, doctor_note, supervisor_note, execution_cancellation_date, approval_cancellation_date) values (4, 4, 4, 4, 4, 'V401', 'Mental and behavioral problems with communication [including speech]', 'Closed reduction of fracture without internal fixation, carpals and metacarpals', '2020-01-08', '2020-01-31');
insert into laboratory_examination (examination_category, visit_id, state_id, lab_worker_id, lab_supervisor_id, result, doctor_note, supervisor_note, execution_cancellation_date, approval_cancellation_date) values (5, 5, 1, 5, 5, '9696', 'Poisoning by psychodysleptics (hallucinogens)', 'Control of (postoperative) hemorrhage of anus', '2020-01-02', '2021-01-23');
insert into laboratory_examination (examination_category, visit_id, state_id, lab_worker_id, lab_supervisor_id, result, doctor_note, supervisor_note, execution_cancellation_date, approval_cancellation_date) values (6, 6, 2, 6, 1, '37751', 'Disorders of optic chiasm associated with pituitary neoplasms and disorders', 'Bone thermography', '2019-06-22', '2019-05-08');
insert into laboratory_examination (examination_category, visit_id, state_id, lab_worker_id, lab_supervisor_id, result, doctor_note, supervisor_note, execution_cancellation_date, approval_cancellation_date) values (7, 7, 3, 7, 2, '75514', 'Syndactyly of toes with fusion of bone', 'Mediastinal tracheostomy', '2020-12-31', '2020-08-25');
insert into laboratory_examination (examination_category, visit_id, state_id, lab_worker_id, lab_supervisor_id, result, doctor_note, supervisor_note, execution_cancellation_date, approval_cancellation_date) values (8, 8, 4, 8, 3, 'V775', 'Screening for gout', 'Other diagnostic procedures on external ear', '2019-05-15', '2019-11-23');
insert into laboratory_examination (examination_category, visit_id, state_id, lab_worker_id, lab_supervisor_id, result, doctor_note, supervisor_note, execution_cancellation_date, approval_cancellation_date) values (9, 9, 1, 9, 4, 'E9326', 'Parathyroid and parathyroid derivatives causing adverse effects in therapeutic use', 'Sphincterotomy of bladder', '2021-02-23', '2020-05-05');
insert into laboratory_examination (examination_category, visit_id, state_id, lab_worker_id, lab_supervisor_id, result, doctor_note, supervisor_note, execution_cancellation_date, approval_cancellation_date) values ( 10, 10, 2, 10, 5, '9564', 'Injury to cutaneous sensory nerve, lower limb', 'Other urethroscopy', '2021-02-05', '2019-09-16');
insert into laboratory_examination (examination_category, visit_id, state_id, lab_worker_id, lab_supervisor_id, result, doctor_note, supervisor_note, execution_cancellation_date, approval_cancellation_date) values ( 1, 1, 3, 11, 1, '36119', 'Other retinoschisis and retinal cysts', 'Gas contrast hysterosalpingogram', '2020-05-09', '2020-02-25');
insert into laboratory_examination (examination_category, visit_id, state_id, lab_worker_id, lab_supervisor_id, result, doctor_note, supervisor_note, execution_cancellation_date, approval_cancellation_date) values ( 2, 12, 4, 12, 2, '9603', 'Poisoning by erythromycin and other macrolides', 'Formation of cranial bone flap', '2020-04-22', '2019-07-13');
insert into laboratory_examination (examination_category, visit_id, state_id, lab_worker_id, lab_supervisor_id, result, doctor_note, supervisor_note, execution_cancellation_date, approval_cancellation_date) values ( 3, 13, 1, 13, 3, '65841', 'Infection of amniotic cavity, delivered, with or without mention of antepartum condition', 'Other secondary procedures after removal of eyeball', '2019-11-30', '2021-01-23');
insert into laboratory_examination (examination_category, visit_id, state_id, lab_worker_id, lab_supervisor_id, result, doctor_note, supervisor_note, execution_cancellation_date, approval_cancellation_date) values ( 4, 14, 2, 14, 4, '2861', 'Congenital factor IX disorder', 'Abdominoperineal resection of the rectum, not otherwise specified', '2021-03-12', '2019-06-03');
insert into laboratory_examination (examination_category, visit_id, state_id, lab_worker_id, lab_supervisor_id, result, doctor_note, supervisor_note, execution_cancellation_date, approval_cancellation_date) values ( 5, 15, 3, 15, 5, '64681', 'Other specified complications of pregnancy, delivered, with or without mention of antepartum condition', 'Other skeletal traction', '2019-08-29', '2020-06-03');
insert into laboratory_examination (examination_category, visit_id, state_id, lab_worker_id, lab_supervisor_id, result, doctor_note, supervisor_note, execution_cancellation_date, approval_cancellation_date) values ( 6, 16, 4, 16, 1, '124', 'Trichinosis', 'Electrosurgical epilation of eyelid', '2019-08-19', '2020-06-17');
insert into laboratory_examination (examination_category, visit_id, state_id, lab_worker_id, lab_supervisor_id, result, doctor_note, supervisor_note, execution_cancellation_date, approval_cancellation_date) values ( 7, 17, 1, 17, 2, '64303', 'Mild hyperemesis gravidarum, antepartum condition or complication', 'Removal of other vaginal pessary', '2020-11-21', '2019-07-15');
insert into laboratory_examination (examination_category, visit_id, state_id, lab_worker_id, lab_supervisor_id, result, doctor_note, supervisor_note, execution_cancellation_date, approval_cancellation_date) values ( 8, 18, 2, 18, 3, '2981', 'Excitative type psychosis', 'Epikeratophakia', '2020-03-05', '2021-01-24');
insert into laboratory_examination (examination_category, visit_id, state_id, lab_worker_id, lab_supervisor_id, result, doctor_note, supervisor_note, execution_cancellation_date, approval_cancellation_date) values ( 9, 19, 3, 19, 4, '1416', 'Malignant neoplasm of lingual tonsil', 'Other local excision or destruction of lesion of joint, ankle', '2020-02-04', '2019-09-23');
insert into laboratory_examination (examination_category, visit_id, state_id, lab_worker_id, lab_supervisor_id, result, doctor_note, supervisor_note, execution_cancellation_date, approval_cancellation_date) values ( 10, 20, 4, 20, 5, '7462', 'Ebstein''s anomaly', 'Keratoprosthesis', '2021-01-22', '2019-11-01');

insert into physical_examination (examination_category, visit_id, result) values (1, 2, 'Unspecified curvature of spine');
insert into physical_examination (examination_category, visit_id, result) values (2, 2, 'Unspecified pervasive developmental disorder, current or active state');
insert into physical_examination (examination_category, visit_id, result) values (3, 3, 'Injury to innominate and subclavian arteries');
insert into physical_examination (examination_category, visit_id, result) values (4, 4, 'Neonatal infective mastitis');
insert into physical_examination (examination_category, visit_id, result) values (5, 5, 'Syphilitic uveitis, unspecified');
insert into physical_examination (examination_category, visit_id, result) values (6, 6, 'Hereditary edema of legs');
insert into physical_examination (examination_category, visit_id, result) values (7, 7, 'Legally induced abortion, complicated by delayed or excessive hemorrhage, unspecified');
insert into physical_examination (examination_category, visit_id, result) values (8, 8, 'Perichondritis of pinna, unspecified');
insert into physical_examination (examination_category, visit_id, result) values (9, 9, 'Tubal ligation status');
insert into physical_examination (examination_category, visit_id, result) values ( 1, 10, 'Other cells and casts in urine');
insert into physical_examination (examination_category, visit_id, result) values ( 1, 11, 'Malignant neoplasm of pelvic bones, sacrum, and coccyx');
insert into physical_examination (examination_category, visit_id, result) values ( 2, 1, 'Accident to powered aircraft at takeoff or landing injuring occupant of spacecraft');
insert into physical_examination (examination_category, visit_id, result) values ( 3, 13, 'Rheumatic aortic stenosis');
insert into physical_examination (examination_category, visit_id, result) values ( 4, 14, 'Diarrhea of presumed infectious origin');
insert into physical_examination (examination_category, visit_id, result) values ( 5, 15, 'Epidemic hemorrhagic conjunctivitis');
insert into physical_examination (examination_category, visit_id, result) values ( 6, 16, 'Idiopathic progressive polyneuropathy');
insert into physical_examination (examination_category, visit_id, result) values ( 7, 17, 'Abdominal or pelvic swelling, mass, or lump, periumbilic');
insert into physical_examination (examination_category, visit_id, result) values ( 8, 18, 'Striking against or struck accidentally by objects or persons in sports');
insert into physical_examination (examination_category, visit_id, result) values ( 9, 19, 'Acute and subacute bacterial endocarditis');
insert into physical_examination (examination_category, visit_id, result) values ( 10, 20, 'Tuberculosis of bronchus, bacteriological or histological examination not done');
