insert into role (role, name) values (1, 'DOC');
insert into role (role, name) values (2, 'REC');
insert into role (role, name) values (3, 'LABS');
insert into role (role, name) values (4, 'LABW');

insert into app_user (employee_id, role_id, user_name, user_hash) values (1, 1, 'aellicombe0', 'b27ffb2b4d174498a9ffaf604704552cbd309ec0');
insert into app_user (employee_id, role_id, user_name, user_hash) values (2, 1, 'kmcenteggart1', '72179b81c2979d65c3846695981d1b8ac1f63a5a');
insert into app_user (employee_id, role_id, user_name, user_hash) values (3, 1, 'mwinsbury2', '76a081a5b00ed0232cd5a396dadda8255370c754');
insert into app_user (employee_id, role_id, user_name, user_hash) values (4, 1, 'ggetley3', 'dc85dc25f30668884d0961bfc469989732cec400');
insert into app_user (employee_id, role_id, user_name, user_hash) values (5, 1, 'tferrey4', '5b54d943a7290c3a08b725ae24bdce2c309ce5c4');
insert into app_user (employee_id, role_id, user_name, user_hash) values (6, 1, 'rcoweuppe5', '26c40a48b51a29bc14e84fb675caaf4e2345e166');
insert into app_user (employee_id, role_id, user_name, user_hash) values (7, 1, 'cjago6', '5c917618a1f37a4bb7877f4a5a37b966c54cf844');
insert into app_user (employee_id, role_id, user_name, user_hash) values (8, 1, 'mreyne7', 'edad331bf765395c0431f56ebc8f5c481116f7f4');
insert into app_user (employee_id, role_id, user_name, user_hash) values (9, 1, 'jfernier8', '3a9669c908dd2ac4ac345442ff89e28dde266cad');
insert into app_user (employee_id, role_id, user_name, user_hash) values (10, 1, 'cdufour9', '4ae39b5bb8f7747ee4b93d658ba06e48ef13420f');
insert into app_user (employee_id, role_id, user_name, user_hash) values (11, 2, 'swellsmana', 'f14ba1d41cc996e1942b7b042f67a10650c44f7d');
insert into app_user (employee_id, role_id, user_name, user_hash) values (12, 2, 'msegebrechtb', '1e0e277edb062ec84eccdc523b6872c15c8c300a');
insert into app_user (employee_id, role_id, user_name, user_hash) values (13, 2, 'cmillbankc', '90724a992ff7982f3b752e7bbe079696c3eea1e3');
insert into app_user (employee_id, role_id, user_name, user_hash) values (14, 2, 'tfairestd', '9ff053e9360f7664df9125ffd568257dc49b7124');
insert into app_user (employee_id, role_id, user_name, user_hash) values (15, 2, 'moakenfulle', '2928336b75f277f73b362da8a008ef9d1eae9e05');
insert into app_user (employee_id, role_id, user_name, user_hash) values (16, 2, 'ccalderonf', '6db190fa277425fc2d1e788787d0c26c9eaffba8');
insert into app_user (employee_id, role_id, user_name, user_hash) values (17, 2, 'bkynettg', '5e81081e25098fdb66f4a44a214257cc4ee52df5');
insert into app_user (employee_id, role_id, user_name, user_hash) values (18, 2, 'hcristolh', 'c15930e571ab2dd47f283ba7a9c4e5eae0e4ad26');
insert into app_user (employee_id, role_id, user_name, user_hash) values (19, 2, 'echownei', 'a80656f6b3723a767a2bcd6124ef8d75bcc88727');
insert into app_user (employee_id, role_id, user_name, user_hash) values (20, 2, 'qloggiej', 'd1fc9f0ff60821df6ee7e51aa31194e94182b340');
insert into app_user (employee_id, role_id, user_name, user_hash) values (21, 2, 'comulderrigk', '0d04d42e1ffd64aa8c2404d549daf8eb66953897');
insert into app_user (employee_id, role_id, user_name, user_hash) values (22, 2, 'cgrossl', 'cd2b0c2966f8458273e7032e2baeef0e7dcd6e46');
insert into app_user (employee_id, role_id, user_name, user_hash) values (23, 2, 'hcanariom', 'e8246c04e0ca9d3822273b71ba1372e8691165bc');
insert into app_user (employee_id, role_id, user_name, user_hash) values (24, 2, 'mwindern', 'f8ecc35e9735ee055175761ba1c9382a9aa1c1f1');
insert into app_user (employee_id, role_id, user_name, user_hash) values (25, 2, 'awaplingtono', '24e2c31e2b733c437b6b56a26b5e24c42448c143');
insert into app_user (employee_id, role_id, user_name, user_hash) values (26, 2, 'ochasep', 'c8c529a6e321826a4b0e75ec0455e2ef6be56e4c');
insert into app_user (employee_id, role_id, user_name, user_hash) values (27, 2, 'joluwatoyinq', '2bfefa1c164d0fe628f064a96a3fd6fde6c6f4f1');
insert into app_user (employee_id, role_id, user_name, user_hash) values (28, 2, 'rskettr', '6f0a8a507888898ea180e4ee6e8d24b7bc289b46');
insert into app_user (employee_id, role_id, user_name, user_hash) values (29, 2, 'krayboulds', '27b52dc7d6dd69cb7260391cdd43c7a8bc9761bd');
insert into app_user (employee_id, role_id, user_name, user_hash) values (30, 2, 'bwhitwamt', 'ba095dfcdb067a2a4962ef79af890a75d11f9a34');
insert into app_user (employee_id, role_id, user_name, user_hash) values (31, 2, 'cgrahlmansu', 'd404bf55f07a6c349cf3cefebd7aa67a4f822dbd');
insert into app_user (employee_id, role_id, user_name, user_hash) values (32, 2, 'myerbyv', '7d1614e1bf2de96b1a29ac167f109c7b21a25d97');
insert into app_user (employee_id, role_id, user_name, user_hash) values (33, 2, 'ekneelandw', 'adcdba9b1f28cb0ec1b913d548a5410b1b64c167');
insert into app_user (employee_id, role_id, user_name, user_hash) values (34, 2, 'estpaulx', '4f8c06e18842691d7ae5a57228fb3e7ff5d37dc7');
insert into app_user (employee_id, role_id, user_name, user_hash) values (35, 2, 'bwindrassy', '3f753d8402e77e95fffa6496798a7396c656f81f');
insert into app_user (employee_id, role_id, user_name, user_hash) values (36, 2, 'sgaskinz', '6e8c7d58da2806a7e879149ebcd89b8351630409');
insert into app_user (employee_id, role_id, user_name, user_hash) values (37, 2, 'ddutch10', '9b91aa1347df3ee7edae5be360a837cc04ff10d8');
insert into app_user (employee_id, role_id, user_name, user_hash) values (38, 2, 'bscanlan11', '90bd8da11f0d12199f2332f566df5ad9f4cd95e2');
insert into app_user (employee_id, role_id, user_name, user_hash) values (39, 2, 'pcarlsson12', '57d56acd7ad5e57846995eddb3ce7b13ff180282');
insert into app_user (employee_id, role_id, user_name, user_hash) values (40, 2, 'fclooney13', '2748f6cb60a0dbe6990ed71b9f0da3a834f56e37');
insert into app_user (employee_id, role_id, user_name, user_hash) values (41, 4, 'gcollyear14', '3be6e7a7d121ecac4c2162653486ac9246894f47');
insert into app_user (employee_id, role_id, user_name, user_hash) values (42, 4, 'grutledge15', 'f6b45a50c54d1c999dffa6b53e9bb9d7b9312db9');
insert into app_user (employee_id, role_id, user_name, user_hash) values (43, 4, 'wallbones16', '1b7a4f24e587e82d4b56b9bf44814cf8688b45e4');
insert into app_user (employee_id, role_id, user_name, user_hash) values (44, 4, 'hkaine17', '89ce54263d59c35f83246a86597a7f4880ad607f');
insert into app_user (employee_id, role_id, user_name, user_hash) values (45, 4, 'ishildrick18', '8673201117db145039f723fb7abc0a88c83e1466');
insert into app_user (employee_id, role_id, user_name, user_hash) values (46, 4, 'scorrin19', '21f4202e96005d25019de065b70caffd18b84be2');
insert into app_user (employee_id, role_id, user_name, user_hash) values (47, 4, 'ldrewry1a', '17e5bd834c1c3751f1692ee80b41213d92a45490');
insert into app_user (employee_id, role_id, user_name, user_hash) values (48, 4, 'oglyne1b', '8b394d659d3a924d525517797ffff1023c9b7f0a');
insert into app_user (employee_id, role_id, user_name, user_hash) values (49, 4, 'lrickertsen1c', '638902fa9e91b9c12f92911b4b5f95e9b1612f78');
insert into app_user (employee_id, role_id, user_name, user_hash) values (50, 4, 'dalphege1d', 'c0843c652c973b0cc4eb51f405b954124da20337');
insert into app_user (employee_id, role_id, user_name, user_hash) values (51, 3, 'jkleinert1e', 'd365ec25593dfaaa481c443fd121d7a012cdbbbd');
insert into app_user (employee_id, role_id, user_name, user_hash) values (52, 3, 'narter1f', 'c8e855bac943a9223ce329a80f9ed9397523670d');
insert into app_user (employee_id, role_id, user_name, user_hash) values (53, 3, 'vdurtnal1g', '232b89bf6ab3f17aa352459398a876a8aa19ba37');
insert into app_user (employee_id, role_id, user_name, user_hash) values (54, 3, 'kwernher1h', '8c2c3c07c874a46f9ba85e51c627f962592cf17e');
insert into app_user (employee_id, role_id, user_name, user_hash) values (55, 3, 'lbedome1i', 'ff440ffc4fd8eea758a3f7f9f5a027fbee7efbf5');

insert into user_details (id, city, street_address1, street_address2, zip_code, state, contact_number) values (1, 'Chicago', '5 Katie Place', null, '60657', 'Illinois', '379025308');
insert into user_details (id, city, street_address1, street_address2, zip_code, state, contact_number) values (2, 'Albany', '385 Surrey Court', '85541 Shopko Court', '12205', 'New York', '933800068');
insert into user_details (id, city, street_address1, street_address2, zip_code, state, contact_number) values (3, 'Evansville', '25 Esch Point', null, '47719', 'Indiana', '342692383');
insert into user_details (id, city, street_address1, street_address2, zip_code, state, contact_number) values (4, 'Anaheim', '04160 Bartillon Circle', null, '92825', 'California', '489082124');
insert into user_details (id, city, street_address1, street_address2, zip_code, state, contact_number) values (5, 'Redwood City', '13 Dovetail Lane', null, '94064', 'California', '172997333');
insert into user_details (id, city, street_address1, street_address2, zip_code, state, contact_number) values (6, 'Richmond', '82012 Declaration Avenue', null, '23237', 'Virginia', '728760801');
insert into user_details (id, city, street_address1, street_address2, zip_code, state, contact_number) values (7, 'Pueblo', '82911 Oxford Lane', null, '81005', 'Colorado', '875193149');
insert into user_details (id, city, street_address1, street_address2, zip_code, state, contact_number) values (8, 'Fargo', '8354 Bobwhite Crossing', null, '58106', 'North Dakota', '268324520');
insert into user_details (id, city, street_address1, street_address2, zip_code, state, contact_number) values (9, 'North Hollywood', '2 Hoepker Drive', null, '91606', 'California', '401611681');
insert into user_details (id, city, street_address1, street_address2, zip_code, state, contact_number) values (10, 'Houston', '3 Bartelt Lane', null, '77281', 'Texas', '406380753');
insert into user_details (id, city, street_address1, street_address2, zip_code, state, contact_number) values (11, 'Colorado Springs', '354 Logan Way', null, '80925', 'Colorado', '999248638');
insert into user_details (id, city, street_address1, street_address2, zip_code, state, contact_number) values (12, 'Tacoma', '2150 Commercial Terrace', null, '98442', 'Washington', '110132928');
insert into user_details (id, city, street_address1, street_address2, zip_code, state, contact_number) values (13, 'Dallas', '1399 Linden Pass', null, '75379', 'Texas', '220670319');
insert into user_details (id, city, street_address1, street_address2, zip_code, state, contact_number) values (14, 'Fresno', '96 American Circle', null, '93740', 'California', '361368397');
insert into user_details (id, city, street_address1, street_address2, zip_code, state, contact_number) values (15, 'New York City', '638 Jay Road', null, '10280', 'New York', '833499035');
insert into user_details (id, city, street_address1, street_address2, zip_code, state, contact_number) values (16, 'Louisville', '22137 Farragut Plaza', null, '40293', 'Kentucky', '786401099');
insert into user_details (id, city, street_address1, street_address2, zip_code, state, contact_number) values (17, 'Memphis', '00458 Meadow Ridge Terrace', null, '38126', 'Tennessee', '390237254');
insert into user_details (id, city, street_address1, street_address2, zip_code, state, contact_number) values (18, 'Springfield', '5 Cody Crossing', null, '01105', 'Massachusetts', '127302745');
insert into user_details (id, city, street_address1, street_address2, zip_code, state, contact_number) values (19, 'Las Vegas', '58143 Corben Junction', null, '89125', 'Nevada', '171609339');
insert into user_details (id, city, street_address1, street_address2, zip_code, state, contact_number) values (20, 'Washington', '166 Dixon Point', null, '20299', 'District of Columbia', '541057477');
insert into user_details (id, city, street_address1, street_address2, zip_code, state, contact_number) values (21, 'Charleston', '9 Bunker Hill Circle', null, '25331', 'West Virginia', '222800604');
insert into user_details (id, city, street_address1, street_address2, zip_code, state, contact_number) values (22, 'Fullerton', '303 Nevada Junction', null, '92640', 'California', '100421606');
insert into user_details (id, city, street_address1, street_address2, zip_code, state, contact_number) values (23, 'Pensacola', '423 Oxford Alley', null, '32505', 'Florida', '615111861');
insert into user_details (id, city, street_address1, street_address2, zip_code, state, contact_number) values (24, 'Tuscaloosa', '82 Reindahl Place', null, '35405', 'Alabama', '355983875');
insert into user_details (id, city, street_address1, street_address2, zip_code, state, contact_number) values (25, 'Phoenix', '844 Londonderry Hill', null, '85062', 'Arizona', '835776972');
insert into user_details (id, city, street_address1, street_address2, zip_code, state, contact_number) values (26, 'Toledo', '9539 Mandrake Point', null, '43610', 'Ohio', '216145696');
insert into user_details (id, city, street_address1, street_address2, zip_code, state, contact_number) values (27, 'Huntsville', '36 Northwestern Parkway', null, '77343', 'Texas', '605550391');
insert into user_details (id, city, street_address1, street_address2, zip_code, state, contact_number) values (28, 'Anaheim', '55734 Columbus Alley', null, '92825', 'California', '138219084');
insert into user_details (id, city, street_address1, street_address2, zip_code, state, contact_number) values (29, 'Sacramento', '67005 South Road', null, '94245', 'California', '027392001');
insert into user_details (id, city, street_address1, street_address2, zip_code, state, contact_number) values (30, 'Camden', '89 Jay Pass', null, '08104', 'New Jersey', '012045734');
insert into user_details (id, city, street_address1, street_address2, zip_code, state, contact_number) values (31, 'El Paso', '759 Rusk Trail', null, '88574', 'Texas', '216639127');
insert into user_details (id, city, street_address1, street_address2, zip_code, state, contact_number) values (32, 'New York City', '15107 Del Mar Parkway', null, '10203', 'New York', '719362047');
insert into user_details (id, city, street_address1, street_address2, zip_code, state, contact_number) values (33, 'Duluth', '91 4th Plaza', null, '55805', 'Minnesota', '533616689');
insert into user_details (id, city, street_address1, street_address2, zip_code, state, contact_number) values (34, 'South Bend', '7652 Pond Street', null, '46634', 'Indiana', '307438277');
insert into user_details (id, city, street_address1, street_address2, zip_code, state, contact_number) values (35, 'Whittier', '4915 Roxbury Way', null, '90610', 'California', '989823794');
insert into user_details (id, city, street_address1, street_address2, zip_code, state, contact_number) values (36, 'Phoenix', '49068 Surrey Center', null, '85072', 'Arizona', '850365964');
insert into user_details (id, city, street_address1, street_address2, zip_code, state, contact_number) values (37, 'Seminole', '9 Westerfield Terrace', null, '34642', 'Florida', '019488763');
insert into user_details (id, city, street_address1, street_address2, zip_code, state, contact_number) values (38, 'Grand Junction', '3 Russell Circle', null, '81505', 'Colorado', '840022321');
insert into user_details (id, city, street_address1, street_address2, zip_code, state, contact_number) values (39, 'Evansville', '69 Mallory Street', null, '47712', 'Indiana', '470178465');
insert into user_details (id, city, street_address1, street_address2, zip_code, state, contact_number) values (40, 'Seattle', '89 Eggendart Junction', null, '98115', 'Washington', '784910034');
insert into user_details (id, city, street_address1, street_address2, zip_code, state, contact_number) values (41, 'Houston', '8524 Tomscot Trail', null, '77040', 'Texas', '148752184');
insert into user_details (id, city, street_address1, street_address2, zip_code, state, contact_number) values (42, 'Clearwater', '5 Luster Plaza', null, '33758', 'Florida', '484367247');
insert into user_details (id, city, street_address1, street_address2, zip_code, state, contact_number) values (43, 'Trenton', '087 Cottonwood Hill', null, '08650', 'New Jersey', '858226934');
insert into user_details (id, city, street_address1, street_address2, zip_code, state, contact_number) values (44, 'Spokane', '4085 Jackson Center', null, '99205', 'Washington', '748063004');
insert into user_details (id, city, street_address1, street_address2, zip_code, state, contact_number) values (45, 'Mobile', '5 Elmside Avenue', null, '36670', 'Alabama', '981981251');
insert into user_details (id, city, street_address1, street_address2, zip_code, state, contact_number) values (46, 'Washington', '8140 Washington Avenue', null, '20420', 'District of Columbia', '693233483');
insert into user_details (id, city, street_address1, street_address2, zip_code, state, contact_number) values (47, 'Akron', '39 Mitchell Crossing', null, '44305', 'Ohio', '025288820');
insert into user_details (id, city, street_address1, street_address2, zip_code, state, contact_number) values (48, 'Cincinnati', '0537 4th Center', null, '45249', 'Ohio', '982197274');
insert into user_details (id, city, street_address1, street_address2, zip_code, state, contact_number) values (49, 'Dayton', '892 Superior Trail', null, '45414', 'Ohio', '267569610');
insert into user_details (id, city, street_address1, street_address2, zip_code, state, contact_number) values (50, 'Corpus Christi', '43 Memorial Trail', null, '78410', 'Texas', '571025641');
insert into user_details (id, city, street_address1, street_address2, zip_code, state, contact_number) values (51, 'Columbia', '1366 Moulton Junction', '1837 Cherokee Terrace', '29208', 'South Carolina', '530609746');
insert into user_details (id, city, street_address1, street_address2, zip_code, state, contact_number) values (52, 'Baltimore', '5389 Cambridge Alley', null, '21211', 'Maryland', '399246388');
insert into user_details (id, city, street_address1, street_address2, zip_code, state, contact_number) values (53, 'New York City', '9372 Atwood Alley', null, '10270', 'New York', '752448817');
insert into user_details (id, city, street_address1, street_address2, zip_code, state, contact_number) values (54, 'Detroit', '9 Morrow Junction', null, '48232', 'Michigan', '224592333');
insert into user_details (id, city, street_address1, street_address2, zip_code, state, contact_number) values (55, 'San Francisco', '8 Corben Street', null, '94116', 'California', '756516356');
insert into user_details (id, city, street_address1, street_address2, zip_code, state, contact_number) values (56, 'Houston', '4 Russell Park', null, '77234', 'Texas', '285528696');
insert into user_details (id, city, street_address1, street_address2, zip_code, state, contact_number) values (57, 'Topeka', '6 Randy Junction', null, '66667', 'Kansas', '198345458');
insert into user_details (id, city, street_address1, street_address2, zip_code, state, contact_number) values (58, 'Newport News', '63 Corben Crossing', null, '23612', 'Virginia', '039366270');
insert into user_details (id, city, street_address1, street_address2, zip_code, state, contact_number) values (59, 'Idaho Falls', '562 Carioca Point', null, '83405', 'Idaho', '904945929');
insert into user_details (id, city, street_address1, street_address2, zip_code, state, contact_number) values (60, 'Cincinnati', '6237 Arrowood Place', null, '45233', 'Ohio', '974705715');
insert into user_details (id, city, street_address1, street_address2, zip_code, state, contact_number) values (61, 'Roanoke', '51 Crest Line Junction', null, '24014', 'Virginia', '145678102');
insert into user_details (id, city, street_address1, street_address2, zip_code, state, contact_number) values (62, 'New Orleans', '74699 Golden Leaf Way', null, '70129', 'Louisiana', '011636146');
insert into user_details (id, city, street_address1, street_address2, zip_code, state, contact_number) values (63, 'Wilmington', '54 Oriole Plaza', null, '19886', 'Delaware', '251540450');
insert into user_details (id, city, street_address1, street_address2, zip_code, state, contact_number) values (64, 'San Francisco', '9545 Luster Hill', null, '94154', 'California', '306517667');
insert into user_details (id, city, street_address1, street_address2, zip_code, state, contact_number) values (65, 'Erie', '7115 Parkside Center', null, '16550', 'Pennsylvania', '053572724');
insert into user_details (id, city, street_address1, street_address2, zip_code, state, contact_number) values (66, 'Atlanta', '5898 Scofield Way', null, '30392', 'Georgia', '991148843');
insert into user_details (id, city, street_address1, street_address2, zip_code, state, contact_number) values (67, 'Memphis', '55207 Nova Park', null, '38131', 'Tennessee', '005237126');
insert into user_details (id, city, street_address1, street_address2, zip_code, state, contact_number) values (68, 'Sacramento', '37 Carpenter Place', null, '94237', 'California', '220220061');
insert into user_details (id, city, street_address1, street_address2, zip_code, state, contact_number) values (69, 'San Francisco', '94 Jana Point', null, '94164', 'California', '135942468');
insert into user_details (id, city, street_address1, street_address2, zip_code, state, contact_number) values (70, 'Austin', '289 Donald Alley', null, '78710', 'Texas', '745800562');
insert into user_details (id, city, street_address1, street_address2, zip_code, state, contact_number) values (71, 'Charleston', '7946 Spenser Court', null, '25321', 'West Virginia', '449883362');
insert into user_details (id, city, street_address1, street_address2, zip_code, state, contact_number) values (72, 'Seattle', '7 Lyons Place', null, '98175', 'Washington', '946206810');
insert into user_details (id, city, street_address1, street_address2, zip_code, state, contact_number) values (73, 'Seattle', '606 Northwestern Point', null, '98175', 'Washington', '552060081');
insert into user_details (id, city, street_address1, street_address2, zip_code, state, contact_number) values (74, 'Sacramento', '689 South Junction', null, '94291', 'California', '202295208');
insert into user_details (id, city, street_address1, street_address2, zip_code, state, contact_number) values (75, 'Macon', '849 Springs Plaza', '2 Blue Bill Park Hill', '31217', 'Georgia', '724025831');
insert into user_details (id, city, street_address1, street_address2, zip_code, state, contact_number) values (76, 'Temple', '95 Kinsman Place', null, '76505', 'Texas', '114811326');
insert into user_details (id, city, street_address1, street_address2, zip_code, state, contact_number) values (77, 'San Francisco', '2 Sauthoff Way', null, '94126', 'California', '678987810');
insert into user_details (id, city, street_address1, street_address2, zip_code, state, contact_number) values (78, 'Anchorage', '11436 Northridge Avenue', null, '99522', 'Alaska', '649109912');
insert into user_details (id, city, street_address1, street_address2, zip_code, state, contact_number) values (79, 'Miami', '6762 Cottonwood Point', null, '33180', 'Florida', '745064284');
insert into user_details (id, city, street_address1, street_address2, zip_code, state, contact_number) values (80, 'Denver', '8977 Longview Court', null, '80243', 'Colorado', '705916779');
insert into user_details (id, city, street_address1, street_address2, zip_code, state, contact_number) values (81, 'Tulsa', '747 Brown Terrace', null, '74108', 'Oklahoma', '236663473');
insert into user_details (id, city, street_address1, street_address2, zip_code, state, contact_number) values (82, 'Atlanta', '3 Schlimgen Plaza', null, '30316', 'Georgia', '406481963');
insert into user_details (id, city, street_address1, street_address2, zip_code, state, contact_number) values (83, 'Indianapolis', '84877 Iowa Road', null, '46239', 'Indiana', '388970117');
insert into user_details (id, city, street_address1, street_address2, zip_code, state, contact_number) values (84, 'Clearwater', '056 Pearson Junction', '84414 Burrows Court', '33763', 'Florida', '559641865');
insert into user_details (id, city, street_address1, street_address2, zip_code, state, contact_number) values (85, 'Santa Fe', '4591 Hintze Trail', null, '87592', 'New Mexico', '366870675');

insert into receptionist (id, user_details_id, first_name, last_name, license_code) values (1, 1, 'Melany', 'Hawley', 'REC433596');
insert into receptionist (id, user_details_id, first_name, last_name, license_code) values (2, 2, 'Carree', 'Constantine', 'REC293855');
insert into receptionist (id, user_details_id, first_name, last_name, license_code) values (3, 3, 'Carree', 'Walden', 'REC382093');
insert into receptionist (id, user_details_id, first_name, last_name, license_code) values (4, 4, 'Rosemonde', 'Meltetal', 'REC308455');
insert into receptionist (id, user_details_id, first_name, last_name, license_code) values (5, 5, 'Flem', 'Burney', 'REC308147');
insert into receptionist (id, user_details_id, first_name, last_name, license_code) values (6, 6, 'Aila', 'Knapton', 'REC863423');
insert into receptionist (id, user_details_id, first_name, last_name, license_code) values (7, 7, 'Bryant', 'Abbati', 'REC265373');
insert into receptionist (id, user_details_id, first_name, last_name, license_code) values (8, 8, 'Dacia', 'Chadbourn', 'REC079428');
insert into receptionist (id, user_details_id, first_name, last_name, license_code) values (9, 9, 'Yves', 'Nettles', 'REC187674');
insert into receptionist (id, user_details_id, first_name, last_name, license_code) values (10, 10, 'Finlay', 'Davidi', 'REC144450');

insert into doctor (id, user_details_id, first_name, last_name, license_code) values (1, 11, 'Babbie', 'Charlwood', 'DOC042461');
insert into doctor (id, user_details_id, first_name, last_name, license_code) values (2, 12, 'Angy', 'Bachanski', 'DOC226600');
insert into doctor (id, user_details_id, first_name, last_name, license_code) values (3, 13, 'Theresina', 'Sandcroft', 'DOC224142');
insert into doctor (id, user_details_id, first_name, last_name, license_code) values (4, 14, 'Antoinette', 'Mc_adam', 'DOC565543');
insert into doctor (id, user_details_id, first_name, last_name, license_code) values (5, 15, 'Berni', 'Arenson', 'DOC343251');
insert into doctor (id, user_details_id, first_name, last_name, license_code) values (6, 16, 'Gwenni', 'Mattioli', 'DOC585806');
insert into doctor (id, user_details_id, first_name, last_name, license_code) values (7, 17, 'Kirk', 'Lennard', 'DOC676462');
insert into doctor (id, user_details_id, first_name, last_name, license_code) values (8, 18, 'Maurita', 'Bedburrow', 'DOC544443');
insert into doctor (id, user_details_id, first_name, last_name, license_code) values (9, 19, 'Darelle', 'Karp', 'DOC722576');
insert into doctor (id, user_details_id, first_name, last_name, license_code) values (10, 20, 'Gael', 'Treversh', 'DOC938811');
insert into doctor (id, user_details_id, first_name, last_name, license_code) values (11, 21, 'Shellysheldon', 'Danilenko', 'DOC758077');
insert into doctor (id, user_details_id, first_name, last_name, license_code) values (12, 22, 'Imojean', 'Ipsly', 'DOC526961');
insert into doctor (id, user_details_id, first_name, last_name, license_code) values (13, 23, 'Gina', 'Coulston', 'DOC268458');
insert into doctor (id, user_details_id, first_name, last_name, license_code) values (14, 24, 'Gerhardt', 'Scrase', 'DOC232679');
insert into doctor (id, user_details_id, first_name, last_name, license_code) values (15, 25, 'Faber', 'Twiname', 'DOC155355');
insert into doctor (id, user_details_id, first_name, last_name, license_code) values (16, 26, 'Clio', 'Bucky', 'DOC957039');
insert into doctor (id, user_details_id, first_name, last_name, license_code) values (17, 27, 'Wallache', 'Cunde', 'DOC350231');
insert into doctor (id, user_details_id, first_name, last_name, license_code) values (18, 28, 'Nestor', 'Bourgeois', 'DOC587980');
insert into doctor (id, user_details_id, first_name, last_name, license_code) values (19, 29, 'Tally', 'Beveridge', 'DOC740828');
insert into doctor (id, user_details_id, first_name, last_name, license_code) values (20, 30, 'Franni', 'Gresham', 'DOC107062');

insert into lab_supervisor (id, user_details_id, first_name, last_name, license_code) values (1, 51, 'Prescott', 'Normanvell', 'LABS400948');
insert into lab_supervisor (id, user_details_id, first_name, last_name, license_code) values (2, 52, 'Trefor', 'Zannetti', 'LABS494996');
insert into lab_supervisor (id, user_details_id, first_name, last_name, license_code) values (3, 53, 'Nissa', 'Avrahamov', 'LABS908050');
insert into lab_supervisor (id, user_details_id, first_name, last_name, license_code) values (4, 54, 'Grace', 'Blown', 'LABS333782');
insert into lab_supervisor (id, user_details_id, first_name, last_name, license_code) values (5, 55, 'Vale', 'Cardus', 'LABS175876');

insert into lab_worker (id, user_details_id, first_name, last_name, license_code) values (1, 31, 'Opalina', 'Zapater', 'LABW243427');
insert into lab_worker (id, user_details_id, first_name, last_name, license_code) values (2, 32, 'Loraine', 'Pendle', 'LABW714910');
insert into lab_worker (id, user_details_id, first_name, last_name, license_code) values (3, 33, 'Veronike', 'Charon', 'LABW633512');
insert into lab_worker (id, user_details_id, first_name, last_name, license_code) values (4, 34, 'Toinette', 'Dayment', 'LABW023391');
insert into lab_worker (id, user_details_id, first_name, last_name, license_code) values (5, 35, 'Natividad', 'Buist', 'LABW192128');
insert into lab_worker (id, user_details_id, first_name, last_name, license_code) values (6, 36, 'Joli', 'Steptoe', 'LABW552939');
insert into lab_worker (id, user_details_id, first_name, last_name, license_code) values (7, 37, 'Rosamund', 'Martins', 'LABW651928');
insert into lab_worker (id, user_details_id, first_name, last_name, license_code) values (8, 38, 'Gare', 'Fritschel', 'LABW554070');
insert into lab_worker (id, user_details_id, first_name, last_name, license_code) values (9, 39, 'Starlene', 'Donaway', 'LABW053306');
insert into lab_worker (id, user_details_id, first_name, last_name, license_code) values (10, 40, 'Lyda', 'Snel', 'LABW709350');
insert into lab_worker (id, user_details_id, first_name, last_name, license_code) values (11, 41, 'Iggie', 'Kepp', 'LABW819729');
insert into lab_worker (id, user_details_id, first_name, last_name, license_code) values (12, 42, 'Steffie', 'Iiannoni', 'LABW629412');
insert into lab_worker (id, user_details_id, first_name, last_name, license_code) values (13, 43, 'Vivien', 'Bubbear', 'LABW317534');
insert into lab_worker (id, user_details_id, first_name, last_name, license_code) values (14, 44, 'Breena', 'Lambdin', 'LABW991944');
insert into lab_worker (id, user_details_id, first_name, last_name, license_code) values (15, 45, 'Stacy', 'Semerad', 'LABW611472');
insert into lab_worker (id, user_details_id, first_name, last_name, license_code) values (16, 46, 'Lester', 'Stobbie', 'LABW215477');
insert into lab_worker (id, user_details_id, first_name, last_name, license_code) values (17, 47, 'Padget', 'Ezzy', 'LABW141554');
insert into lab_worker (id, user_details_id, first_name, last_name, license_code) values (18, 48, 'Anni', 'Knowlson', 'LABW234449');
insert into lab_worker (id, user_details_id, first_name, last_name, license_code) values (19, 49, 'Marcille', 'Jeanin', 'LABW355463');
insert into lab_worker (id, user_details_id, first_name, last_name, license_code) values (20, 50, 'Normand', 'Martignon', 'LABW667885');

insert into patient (id, user_details_id, first_name, last_name, pesel_number) values (1, 56, 'Dixie', 'Milesop', '04489222377');
insert into patient (id, user_details_id, first_name, last_name, pesel_number) values (2, 57, 'Emma', 'Gonnel', '99852774735');
insert into patient (id, user_details_id, first_name, last_name, pesel_number) values (3, 58, 'Daisi', 'Mielnik', '69949188024');
insert into patient (id, user_details_id, first_name, last_name, pesel_number) values (4, 59, 'Katerina', 'Duesberry', '86561270308');
insert into patient (id, user_details_id, first_name, last_name, pesel_number) values (5, 60, 'Carolin', 'Maxfield', '80449161134');
insert into patient (id, user_details_id, first_name, last_name, pesel_number) values (6, 61, 'Bogey', 'Knobell', '50050141780');
insert into patient (id, user_details_id, first_name, last_name, pesel_number) values (7, 62, 'Maribelle', 'Matteoli', '62519692843');
insert into patient (id, user_details_id, first_name, last_name, pesel_number) values (8, 63, 'Salomone', 'Kuhl', '41770012551');
insert into patient (id, user_details_id, first_name, last_name, pesel_number) values (9, 64, 'Maiga', 'Aldine', '68345532913');
insert into patient (id, user_details_id, first_name, last_name, pesel_number) values (10, 65, 'Marty', 'Ruppel', '87365011002');
insert into patient (id, user_details_id, first_name, last_name, pesel_number) values (11, 66, 'Rob', 'Reeves', '32088256928');
insert into patient (id, user_details_id, first_name, last_name, pesel_number) values (12, 67, 'Rodd', 'Ebrall', '87738197158');
insert into patient (id, user_details_id, first_name, last_name, pesel_number) values (13, 68, 'Manuel', 'Robroe', '62372067878');
insert into patient (id, user_details_id, first_name, last_name, pesel_number) values (14, 69, 'Collette', 'Wittleton', '54151035151');
insert into patient (id, user_details_id, first_name, last_name, pesel_number) values (15, 70, 'Vilhelmina', 'Saintpierre', '63513974531');
insert into patient (id, user_details_id, first_name, last_name, pesel_number) values (16, 71, 'Timi', 'Parysowna', '87695820425');
insert into patient (id, user_details_id, first_name, last_name, pesel_number) values (17, 72, 'Issi', 'Buesnel', '81353047543');
insert into patient (id, user_details_id, first_name, last_name, pesel_number) values (18, 73, 'Seymour', 'Bernat', '97939973933');
insert into patient (id, user_details_id, first_name, last_name, pesel_number) values (19, 74, 'Drake', 'Pinilla', '47363430303');
insert into patient (id, user_details_id, first_name, last_name, pesel_number) values (20, 75, 'Issi', 'Croxton', '67145040501');
insert into patient (id, user_details_id, first_name, last_name, pesel_number) values (21, 76, 'Claudette', 'Avent', '40789294781');
insert into patient (id, user_details_id, first_name, last_name, pesel_number) values (22, 77, 'Ruddie', 'Dabs', '16986786884');
insert into patient (id, user_details_id, first_name, last_name, pesel_number) values (23, 78, 'Eulalie', 'Deeny', '26433225927');
insert into patient (id, user_details_id, first_name, last_name, pesel_number) values (24, 79, 'Arlyn', 'Clavey', '55659999728');
insert into patient (id, user_details_id, first_name, last_name, pesel_number) values (25, 80, 'Genia', 'Tacey', '89638277535');
insert into patient (id, user_details_id, first_name, last_name, pesel_number) values (26, 81, 'Leonelle', 'Phripp', '79217215161');
insert into patient (id, user_details_id, first_name, last_name, pesel_number) values (27, 82, 'Corabelle', 'Braunter', '97047732934');
insert into patient (id, user_details_id, first_name, last_name, pesel_number) values (28, 83, 'Mommy', 'Scotting', '91473256598');
insert into patient (id, user_details_id, first_name, last_name, pesel_number) values (29, 84, 'Tatiania', 'Lehrer', '09835020800');
insert into patient (id, user_details_id, first_name, last_name, pesel_number) values (30, 85, 'Richmond', 'Normand', '12057541213');

insert into examination_state (id, name) values (1, 'in_progress');
insert into examination_state (id, name) values (2, 'executed');
insert into examination_state (id, name) values (3, 'cancelled');
insert into examination_state (id, name) values (4, 'approved');

insert into visit_state (id, name) values (1, 'appointed');
insert into visit_state (id, name) values (2, 'finished');
insert into visit_state (id, name) values (3, 'cancelled');

insert into visit (id, receptionist_id, doctor_id, patient_id, state_id, description, diagnose, registration_date, finalization_cancellation_date) values (1, 1, 1, 1, 1, 'Exposure to radiofrequency', 'W900', '2019-08-12', '2019-07-29');
insert into visit (id, receptionist_id, doctor_id, patient_id, state_id, description, diagnose, registration_date, finalization_cancellation_date) values (2, 2, 2, 2, 2, 'Papyraceous fetus, third trimester, fetus 1', 'O3103X1', '2019-06-26', '2019-05-28');
insert into visit (id, receptionist_id, doctor_id, patient_id, state_id, description, diagnose, registration_date, finalization_cancellation_date) values (3, 3, 3, 3, 3, 'Adverse effect of antivaricose drugs, including sclerosing agents, initial encounter', 'T468X5A', '2019-04-19', '2021-02-12');
insert into visit (id, receptionist_id, doctor_id, patient_id, state_id, description, diagnose, registration_date, finalization_cancellation_date) values (4, 4, 4, 4, 1, 'Displaced unspecified condyle fracture of lower end of unspecified femur, subsequent encounter for closed fracture with malunion', 'S72413P', '2020-02-10', '2021-03-10');
insert into visit (id, receptionist_id, doctor_id, patient_id, state_id, description, diagnose, registration_date, finalization_cancellation_date) values (5, 5, 5, 5, 2, 'Unspecified injury of flexor muscle, fascia and tendon of left index finger at wrist and hand level, sequela', 'S66101S', '2019-04-02', '2020-07-09');
insert into visit (id, receptionist_id, doctor_id, patient_id, state_id, description, diagnose, registration_date, finalization_cancellation_date) values (6, 6, 6, 6, 3, 'Nondisplaced oblique fracture of shaft of right radius, initial encounter for open fracture type I or II', 'S52334B', '2019-12-22', '2020-06-23');
insert into visit (id, receptionist_id, doctor_id, patient_id, state_id, description, diagnose, registration_date, finalization_cancellation_date) values (7, 7, 7, 7, 1, 'Legal intervention involving injury by rifle pellet', 'Y3503', '2019-07-19', '2020-02-24');
insert into visit (id, receptionist_id, doctor_id, patient_id, state_id, description, diagnose, registration_date, finalization_cancellation_date) values (8, 8, 8, 8, 2, 'Alcohol abuse counseling and surveillance of alcoholic', 'Z7141', '2020-08-06', '2019-05-19');
insert into visit (id, receptionist_id, doctor_id, patient_id, state_id, description, diagnose, registration_date, finalization_cancellation_date) values (9, 9, 9, 9, 3, 'Contusion of right middle finger with damage to nail, initial encounter', 'S60131A', '2019-09-15', '2020-09-24');
insert into visit (id, receptionist_id, doctor_id, patient_id, state_id, description, diagnose, registration_date, finalization_cancellation_date) values (10, 10, 10, 10, 1, 'Nondisplaced fracture of lateral cuneiform of left foot, initial encounter for closed fracture', 'S92225A', '2021-01-30', '2020-07-08');
insert into visit (id, receptionist_id, doctor_id, patient_id, state_id, description, diagnose, registration_date, finalization_cancellation_date) values (11, 1, 11, 11, 1, 'Other specified injury of other specified blood vessels at shoulder and upper arm level, unspecified arm', 'S45899', '2020-12-28', '2020-10-19');
insert into visit (id, receptionist_id, doctor_id, patient_id, state_id, description, diagnose, registration_date, finalization_cancellation_date) values (12, 2, 12, 12, 2, 'Other mechanical complication of other ocular prosthetic devices, implants and grafts, initial encounter', 'T85398A', '2019-11-05', '2020-11-05');
insert into visit (id, receptionist_id, doctor_id, patient_id, state_id, description, diagnose, registration_date, finalization_cancellation_date) values (13, 3, 13, 13, 3, 'Other spondylosis with myelopathy', 'M471', '2019-10-28', '2019-10-31');
insert into visit (id, receptionist_id, doctor_id, patient_id, state_id, description, diagnose, registration_date, finalization_cancellation_date) values (14, 4, 14, 14, 1, 'Unspecified fracture of facial bones, subsequent encounter for fracture with delayed healing', 'S0292XG', '2019-12-29', '2020-06-30');
insert into visit (id, receptionist_id, doctor_id, patient_id, state_id, description, diagnose, registration_date, finalization_cancellation_date) values (15, 5, 15, 15, 1, 'Displaced transverse fracture of shaft of unspecified femur, subsequent encounter for open fracture type IIIA, IIIB, or IIIC with routine healing', 'S72323F', '2019-11-16', '2021-03-19');
insert into visit (id, receptionist_id, doctor_id, patient_id, state_id, description, diagnose, registration_date, finalization_cancellation_date) values (16, 6, 16, 16, 1, 'Hypertrophy of bone, tibia and fibula', 'M8936', '2020-08-22', '2019-12-12');
insert into visit (id, receptionist_id, doctor_id, patient_id, state_id, description, diagnose, registration_date, finalization_cancellation_date) values (17, 7, 17, 17, 1, 'Poisoning by other anti-common-cold drugs, accidental (unintentional), sequela', 'T485X1S', '2019-06-08', '2020-02-12');
insert into visit (id, receptionist_id, doctor_id, patient_id, state_id, description, diagnose, registration_date, finalization_cancellation_date) values (18, 8, 18, 18, 1, 'Bitten by other nonvenomous marine animals, subsequent encounter', 'W5681XD', '2019-11-22', '2019-04-11');
insert into visit (id, receptionist_id, doctor_id, patient_id, state_id, description, diagnose, registration_date, finalization_cancellation_date) values (19, 9, 19, 19, 1, 'Laceration with foreign body, left knee', 'S81022', '2020-05-16', '2020-05-28');
insert into visit (id, receptionist_id, doctor_id, patient_id, state_id, description, diagnose, registration_date, finalization_cancellation_date) values (20, 10, 20, 20, 2, 'Crohn''s disease of both small and large intestine', 'K508', '2019-05-30', '2021-03-21');

insert into examination_dictionary (code, name, type) values (1, 'Replacement of R Ext Carotid with Synth Sub, Open Approach', 1);
insert into examination_dictionary (code, name, type) values (2, 'Transfusion of Nonaut WBC into Central Vein, Perc Approach', 1);
insert into examination_dictionary (code, name, type) values (3, 'Destruction of Transverse Colon, Open Approach', 1);
insert into examination_dictionary (code, name, type) values (4, 'Drain of R Lacrimal Bone with Drain Dev, Perc Endo Approach', 0);
insert into examination_dictionary (code, name, type) values (5, 'Insertion of Other Device into Mediastinum, Perc Approach', 1);
insert into examination_dictionary (code, name, type) values (6, 'Removal of Monitoring Device from Stomach, Open Approach', 0);
insert into examination_dictionary (code, name, type) values (7, 'Extirpate matter from 1 Temporal Art, Bifurc, Perc Endo', 0);
insert into examination_dictionary (code, name, type) values (8, 'Insertion of Stimulator Lead into Up Muscle, Perc Approach', 0);
insert into examination_dictionary (code, name, type) values (9, 'Resection of Soft Palate, Open Approach', 0);
insert into examination_dictionary (code, name, type) values (10, 'Bypass Azygos Vein to Upper Vein, Perc Endo Approach', 1);

insert into laboratory_examination (id, examination_id, visit_id, state_id, lab_worker_id, lab_supervisor_id, result, doctor_note, supervisor_note, execution_cancellation_date, approval_cancellation_date) values (1, 1, 1, 1, 1, 1, '37853', 'Fourth or trochlear nerve palsy', 'Replacement of any type of pacemaker device with single-chamber device, rate responsive', '2021-03-19', '2020-05-28');
insert into laboratory_examination (id, examination_id, visit_id, state_id, lab_worker_id, lab_supervisor_id, result, doctor_note, supervisor_note, execution_cancellation_date, approval_cancellation_date) values (2, 2, 2, 2, 2, 2, '7760', 'Hemorrhagic disease of newborn', 'Other operations on cul-de-sac', '2020-04-20', '2019-12-06');
insert into laboratory_examination (id, examination_id, visit_id, state_id, lab_worker_id, lab_supervisor_id, result, doctor_note, supervisor_note, execution_cancellation_date, approval_cancellation_date) values (3, 3, 3, 3, 3, 3, '470', 'Deviated nasal septum', 'Excision of hemorrhoids', '2019-10-25', '2020-12-08');
insert into laboratory_examination (id, examination_id, visit_id, state_id, lab_worker_id, lab_supervisor_id, result, doctor_note, supervisor_note, execution_cancellation_date, approval_cancellation_date) values (4, 4, 4, 4, 4, 4, 'V401', 'Mental and behavioral problems with communication [including speech]', 'Closed reduction of fracture without internal fixation, carpals and metacarpals', '2020-01-08', '2020-01-31');
insert into laboratory_examination (id, examination_id, visit_id, state_id, lab_worker_id, lab_supervisor_id, result, doctor_note, supervisor_note, execution_cancellation_date, approval_cancellation_date) values (5, 5, 5, 1, 5, 5, '9696', 'Poisoning by psychodysleptics (hallucinogens)', 'Control of (postoperative) hemorrhage of anus', '2020-01-02', '2021-01-23');
insert into laboratory_examination (id, examination_id, visit_id, state_id, lab_worker_id, lab_supervisor_id, result, doctor_note, supervisor_note, execution_cancellation_date, approval_cancellation_date) values (6, 6, 6, 2, 6, 1, '37751', 'Disorders of optic chiasm associated with pituitary neoplasms and disorders', 'Bone thermography', '2019-06-22', '2019-05-08');
insert into laboratory_examination (id, examination_id, visit_id, state_id, lab_worker_id, lab_supervisor_id, result, doctor_note, supervisor_note, execution_cancellation_date, approval_cancellation_date) values (7, 7, 7, 3, 7, 2, '75514', 'Syndactyly of toes with fusion of bone', 'Mediastinal tracheostomy', '2020-12-31', '2020-08-25');
insert into laboratory_examination (id, examination_id, visit_id, state_id, lab_worker_id, lab_supervisor_id, result, doctor_note, supervisor_note, execution_cancellation_date, approval_cancellation_date) values (8, 8, 8, 4, 8, 3, 'V775', 'Screening for gout', 'Other diagnostic procedures on external ear', '2019-05-15', '2019-11-23');
insert into laboratory_examination (id, examination_id, visit_id, state_id, lab_worker_id, lab_supervisor_id, result, doctor_note, supervisor_note, execution_cancellation_date, approval_cancellation_date) values (9, 9, 9, 1, 9, 4, 'E9326', 'Parathyroid and parathyroid derivatives causing adverse effects in therapeutic use', 'Sphincterotomy of bladder', '2021-02-23', '2020-05-05');
insert into laboratory_examination (id, examination_id, visit_id, state_id, lab_worker_id, lab_supervisor_id, result, doctor_note, supervisor_note, execution_cancellation_date, approval_cancellation_date) values (10, 10, 10, 2, 10, 5, '9564', 'Injury to cutaneous sensory nerve, lower limb', 'Other urethroscopy', '2021-02-05', '2019-09-16');
insert into laboratory_examination (id, examination_id, visit_id, state_id, lab_worker_id, lab_supervisor_id, result, doctor_note, supervisor_note, execution_cancellation_date, approval_cancellation_date) values (11, 1, 11, 3, 11, 1, '36119', 'Other retinoschisis and retinal cysts', 'Gas contrast hysterosalpingogram', '2020-05-09', '2020-02-25');
insert into laboratory_examination (id, examination_id, visit_id, state_id, lab_worker_id, lab_supervisor_id, result, doctor_note, supervisor_note, execution_cancellation_date, approval_cancellation_date) values (12, 2, 12, 4, 12, 2, '9603', 'Poisoning by erythromycin and other macrolides', 'Formation of cranial bone flap', '2020-04-22', '2019-07-13');
insert into laboratory_examination (id, examination_id, visit_id, state_id, lab_worker_id, lab_supervisor_id, result, doctor_note, supervisor_note, execution_cancellation_date, approval_cancellation_date) values (13, 3, 13, 1, 13, 3, '65841', 'Infection of amniotic cavity, delivered, with or without mention of antepartum condition', 'Other secondary procedures after removal of eyeball', '2019-11-30', '2021-01-23');
insert into laboratory_examination (id, examination_id, visit_id, state_id, lab_worker_id, lab_supervisor_id, result, doctor_note, supervisor_note, execution_cancellation_date, approval_cancellation_date) values (14, 4, 14, 2, 14, 4, '2861', 'Congenital factor IX disorder', 'Abdominoperineal resection of the rectum, not otherwise specified', '2021-03-12', '2019-06-03');
insert into laboratory_examination (id, examination_id, visit_id, state_id, lab_worker_id, lab_supervisor_id, result, doctor_note, supervisor_note, execution_cancellation_date, approval_cancellation_date) values (15, 5, 15, 3, 15, 5, '64681', 'Other specified complications of pregnancy, delivered, with or without mention of antepartum condition', 'Other skeletal traction', '2019-08-29', '2020-06-03');
insert into laboratory_examination (id, examination_id, visit_id, state_id, lab_worker_id, lab_supervisor_id, result, doctor_note, supervisor_note, execution_cancellation_date, approval_cancellation_date) values (16, 6, 16, 4, 16, 1, '124', 'Trichinosis', 'Electrosurgical epilation of eyelid', '2019-08-19', '2020-06-17');
insert into laboratory_examination (id, examination_id, visit_id, state_id, lab_worker_id, lab_supervisor_id, result, doctor_note, supervisor_note, execution_cancellation_date, approval_cancellation_date) values (17, 7, 17, 1, 17, 2, '64303', 'Mild hyperemesis gravidarum, antepartum condition or complication', 'Removal of other vaginal pessary', '2020-11-21', '2019-07-15');
insert into laboratory_examination (id, examination_id, visit_id, state_id, lab_worker_id, lab_supervisor_id, result, doctor_note, supervisor_note, execution_cancellation_date, approval_cancellation_date) values (18, 8, 18, 2, 18, 3, '2981', 'Excitative type psychosis', 'Epikeratophakia', '2020-03-05', '2021-01-24');
insert into laboratory_examination (id, examination_id, visit_id, state_id, lab_worker_id, lab_supervisor_id, result, doctor_note, supervisor_note, execution_cancellation_date, approval_cancellation_date) values (19, 9, 19, 3, 19, 4, '1416', 'Malignant neoplasm of lingual tonsil', 'Other local excision or destruction of lesion of joint, ankle', '2020-02-04', '2019-09-23');
insert into laboratory_examination (id, examination_id, visit_id, state_id, lab_worker_id, lab_supervisor_id, result, doctor_note, supervisor_note, execution_cancellation_date, approval_cancellation_date) values (20, 10, 20, 4, 20, 5, '7462', 'Ebstein''s anomaly', 'Keratoprosthesis', '2021-01-22', '2019-11-01');

insert into physical_examination (id, examination_id, visit_id, result) values (1, 1, 1, 'Unspecified curvature of spine');
insert into physical_examination (id, examination_id, visit_id, result) values (2, 2, 2, 'Unspecified pervasive developmental disorder, current or active state');
insert into physical_examination (id, examination_id, visit_id, result) values (3, 3, 3, 'Injury to innominate and subclavian arteries');
insert into physical_examination (id, examination_id, visit_id, result) values (4, 4, 4, 'Neonatal infective mastitis');
insert into physical_examination (id, examination_id, visit_id, result) values (5, 5, 5, 'Syphilitic uveitis, unspecified');
insert into physical_examination (id, examination_id, visit_id, result) values (6, 6, 6, 'Hereditary edema of legs');
insert into physical_examination (id, examination_id, visit_id, result) values (7, 7, 7, 'Legally induced abortion, complicated by delayed or excessive hemorrhage, unspecified');
insert into physical_examination (id, examination_id, visit_id, result) values (8, 8, 8, 'Perichondritis of pinna, unspecified');
insert into physical_examination (id, examination_id, visit_id, result) values (9, 9, 9, 'Tubal ligation status');
insert into physical_examination (id, examination_id, visit_id, result) values (10, 1, 10, 'Other cells and casts in urine');
insert into physical_examination (id, examination_id, visit_id, result) values (11, 1, 11, 'Malignant neoplasm of pelvic bones, sacrum, and coccyx');
insert into physical_examination (id, examination_id, visit_id, result) values (12, 2, 12, 'Accident to powered aircraft at takeoff or landing injuring occupant of spacecraft');
insert into physical_examination (id, examination_id, visit_id, result) values (13, 3, 13, 'Rheumatic aortic stenosis');
insert into physical_examination (id, examination_id, visit_id, result) values (14, 4, 14, 'Diarrhea of presumed infectious origin');
insert into physical_examination (id, examination_id, visit_id, result) values (15, 5, 15, 'Epidemic hemorrhagic conjunctivitis');
insert into physical_examination (id, examination_id, visit_id, result) values (16, 6, 16, 'Idiopathic progressive polyneuropathy');
insert into physical_examination (id, examination_id, visit_id, result) values (17, 7, 17, 'Abdominal or pelvic swelling, mass, or lump, periumbilic');
insert into physical_examination (id, examination_id, visit_id, result) values (18, 8, 18, 'Striking against or struck accidentally by objects or persons in sports');
insert into physical_examination (id, examination_id, visit_id, result) values (19, 9, 19, 'Acute and subacute bacterial endocarditis');
insert into physical_examination (id, examination_id, visit_id, result) values (20, 10, 20, 'Tuberculosis of bronchus, bacteriological or histological examination not done');